UniqueID,strand,start,end
561307.5.peg.1,-,237,2045
561307.5.peg.10,-,9879,11594
561307.5.peg.100,+,106036,107742
561307.5.peg.1000,-,1122380,1123516
561307.5.peg.1001,-,1123548,1124171
561307.5.peg.1002,-,1124196,1124465
561307.5.peg.1003,+,1124628,1124936
561307.5.peg.1004,+,1125107,1125307
561307.5.peg.1005,+,1125504,1125905
561307.5.peg.1006,-,1126145,1127410
561307.5.peg.1007,-,1127400,1128485
561307.5.peg.1008,-,1128490,1129641
561307.5.peg.1009,-,1129784,1130503
561307.5.peg.101,+,108182,109849
561307.5.peg.1010,-,1130530,1131252
561307.5.peg.1011,-,1131249,1132136
561307.5.peg.1012,-,1132138,1133127
561307.5.peg.1013,-,1133191,1134396
561307.5.peg.1014,-,1135256,1136857
561307.5.peg.1015,+,1137004,1137906
561307.5.peg.1016,-,1138294,1140117
561307.5.peg.1017,+,1140463,1140714
561307.5.peg.1018,-,1140759,1141733
561307.5.peg.1019,-,1141790,1143970
561307.5.peg.102,+,110183,112870
561307.5.peg.1020,-,1143996,1144457
561307.5.peg.1021,-,1144549,1145226
561307.5.peg.1022,-,1145275,1145991
561307.5.peg.1023,-,1145994,1146347
561307.5.peg.1024,-,1146348,1146932
561307.5.peg.1025,-,1146922,1147491
561307.5.peg.1026,-,1147494,1147784
561307.5.peg.1027,-,1147788,1148594
561307.5.peg.1028,-,1148608,1149708
561307.5.peg.1029,-,1149709,1150236
561307.5.peg.103,-,113073,113978
561307.5.peg.1030,-,1150256,1150942
561307.5.peg.1031,+,1151256,1151525
561307.5.peg.1032,-,1151727,1152479
561307.5.peg.1033,-,1152893,1154113
561307.5.peg.1034,-,1154402,1155631
561307.5.peg.1035,-,1155644,1156396
561307.5.peg.1036,-,1156396,1157121
561307.5.peg.1037,+,1157687,1158709
561307.5.peg.1038,+,1159044,1159514
561307.5.peg.1039,+,1159855,1160541
561307.5.peg.104,+,114360,115622
561307.5.peg.1040,+,1160898,1161098
561307.5.peg.1041,-,1161594,1161812
561307.5.peg.1042,-,1161874,1162158
561307.5.peg.1043,-,1162246,1162815
561307.5.peg.1044,-,1163003,1163191
561307.5.peg.1045,-,1163220,1163480
561307.5.peg.1046,+,1163821,1164024
561307.5.peg.1047,-,1164021,1164257
561307.5.peg.1048,+,1164482,1165063
561307.5.peg.1049,-,1165136,1165753
561307.5.peg.105,-,115716,116990
561307.5.peg.1050,-,1165908,1166402
561307.5.peg.1051,-,1166801,1167223
561307.5.peg.1052,+,1167371,1168087
561307.5.peg.1053,+,1168170,1168709
561307.5.peg.1054,-,1168859,1169179
561307.5.peg.1055,+,1169323,1169679
561307.5.peg.1056,+,1169837,1170217
561307.5.peg.1057,+,1170281,1170394
561307.5.peg.1058,+,1170396,1171274
561307.5.peg.1059,-,1171494,1172435
561307.5.peg.106,+,117162,117779
561307.5.peg.1060,-,1172432,1175368
561307.5.peg.1061,-,1175358,1176554
561307.5.peg.1062,-,1177326,1177670
561307.5.peg.1063,-,1177739,1178863
561307.5.peg.1064,-,1179042,1179506
561307.5.peg.1065,-,1179862,1180485
561307.5.peg.1066,-,1180507,1181619
561307.5.peg.1067,+,1181782,1182603
561307.5.peg.1068,-,1183066,1184451
561307.5.peg.1069,-,1184647,1185042
561307.5.peg.107,+,117907,119373
561307.5.peg.1070,-,1185819,1185971
561307.5.peg.1071,-,1185996,1186595
561307.5.peg.1072,-,1186754,1187224
561307.5.peg.1073,-,1187229,1188356
561307.5.peg.1074,-,1188507,1189235
561307.5.peg.1075,-,1189222,1190679
561307.5.peg.1076,-,1190937,1191998
561307.5.peg.1077,-,1192489,1193538
561307.5.peg.1078,-,1193569,1194516
561307.5.peg.1079,+,1194613,1195104
561307.5.peg.108,+,119480,120610
561307.5.peg.1080,+,1195101,1195520
561307.5.peg.1081,-,1195628,1196485
561307.5.peg.1082,+,1196756,1197394
561307.5.peg.1083,-,1197640,1199571
561307.5.peg.1084,-,1199584,1200231
561307.5.peg.1085,+,1200352,1200903
561307.5.peg.1086,-,1201133,1202341
561307.5.peg.1087,-,1202610,1203992
561307.5.peg.1088,-,1204232,1204369
561307.5.peg.1089,-,1204451,1204687
561307.5.peg.109,-,120760,122364
561307.5.peg.1090,+,1204882,1205850
561307.5.peg.1091,-,1206118,1207506
561307.5.peg.1092,-,1208483,1209439
561307.5.peg.1093,-,1209557,1210219
561307.5.peg.1094,-,1210362,1210769
561307.5.peg.1095,+,1211282,1211860
561307.5.peg.1096,+,1211860,1213128
561307.5.peg.1097,+,1213166,1214632
561307.5.peg.1098,+,1214657,1216198
561307.5.peg.1099,-,1216311,1216847
561307.5.peg.11,-,11806,13461
561307.5.peg.110,-,122351,123511
561307.5.peg.1100,-,1217240,1217944
561307.5.peg.1101,-,1218343,1218615
561307.5.peg.1102,-,1218876,1219028
561307.5.peg.1103,-,1219552,1219911
561307.5.peg.1104,-,1219930,1220775
561307.5.peg.1105,+,1221247,1221927
561307.5.peg.1106,+,1222213,1222908
561307.5.peg.1107,+,1223199,1224269
561307.5.peg.1108,+,1224388,1224525
561307.5.peg.1109,+,1224634,1225560
561307.5.peg.111,-,123625,124071
561307.5.peg.1110,+,1226156,1227121
561307.5.peg.1111,+,1227222,1228199
561307.5.peg.1112,+,1228231,1228857
561307.5.peg.1113,+,1228926,1230758
561307.5.peg.1114,+,1230894,1232033
561307.5.peg.1115,+,1232037,1232975
561307.5.peg.1116,+,1232977,1233729
561307.5.peg.1117,+,1233736,1235082
561307.5.peg.1118,+,1235375,1235551
561307.5.peg.1119,+,1235771,1236478
561307.5.peg.112,+,124151,124894
561307.5.peg.1120,+,1236496,1237485
561307.5.peg.1121,+,1237502,1238200
561307.5.peg.1122,+,1238504,1239451
561307.5.peg.1123,+,1239452,1239919
561307.5.peg.1124,+,1239922,1240266
561307.5.peg.1125,+,1240277,1240681
561307.5.peg.1126,+,1240682,1241581
561307.5.peg.1127,+,1241609,1242355
561307.5.peg.1128,-,1242505,1243896
561307.5.peg.1129,+,1244315,1244854
561307.5.peg.113,-,125110,125712
561307.5.peg.1130,+,1244865,1245683
561307.5.peg.1131,+,1245744,1247543
561307.5.peg.1132,+,1247767,1248873
561307.5.peg.1133,+,1249004,1249681
561307.5.peg.1134,+,1249684,1250784
561307.5.peg.1135,+,1250898,1252244
561307.5.peg.1136,+,1252254,1253144
561307.5.peg.1137,+,1253270,1254055
561307.5.peg.1138,+,1254097,1254960
561307.5.peg.1139,+,1254947,1255357
561307.5.peg.114,-,125956,126420
561307.5.peg.1140,+,1255633,1256232
561307.5.peg.1141,+,1256353,1258428
561307.5.peg.1142,+,1258541,1258690
561307.5.peg.1143,+,1258899,1259438
561307.5.peg.1144,+,1259450,1260913
561307.5.peg.1145,+,1261094,1262080
561307.5.peg.1146,+,1262080,1262409
561307.5.peg.1147,+,1262406,1263029
561307.5.peg.1148,+,1263081,1264055
561307.5.peg.1149,+,1264177,1265097
561307.5.peg.115,+,126557,128251
561307.5.peg.1150,+,1265111,1265422
561307.5.peg.1151,+,1265442,1265846
561307.5.peg.1152,+,1265833,1266132
561307.5.peg.1153,+,1266158,1266547
561307.5.peg.1154,+,1266780,1267304
561307.5.peg.1155,+,1267463,1268554
561307.5.peg.1156,+,1268574,1269920
561307.5.peg.1157,+,1269913,1271385
561307.5.peg.1158,-,1271750,1272136
561307.5.peg.1159,+,1272294,1273124
561307.5.peg.116,-,128325,128459
561307.5.peg.1160,-,1273188,1273406
561307.5.peg.1161,-,1273420,1274001
561307.5.peg.1162,+,1274106,1275167
561307.5.peg.1163,+,1275193,1275750
561307.5.peg.1164,+,1276224,1276688
561307.5.peg.1165,+,1276688,1278043
561307.5.peg.1166,+,1278058,1278420
561307.5.peg.1167,+,1278480,1278869
561307.5.peg.1168,+,1278886,1280223
561307.5.peg.1169,+,1280216,1280446
561307.5.peg.117,+,128596,129762
561307.5.peg.1170,+,1280424,1281305
561307.5.peg.1171,+,1281737,1282189
561307.5.peg.1172,+,1282205,1283884
561307.5.peg.1173,+,1284035,1285456
561307.5.peg.1174,+,1285472,1286464
561307.5.peg.1175,+,1286464,1287447
561307.5.peg.1176,+,1287460,1288734
561307.5.peg.1177,+,1289085,1289522
561307.5.peg.1178,+,1289536,1290516
561307.5.peg.1179,-,1290643,1290822
561307.5.peg.118,+,129762,130985
561307.5.peg.1180,+,1291085,1292218
561307.5.peg.1181,+,1292286,1293692
561307.5.peg.1182,+,1293911,1294282
561307.5.peg.1183,+,1294476,1295495
561307.5.peg.1184,+,1295511,1297160
561307.5.peg.1185,-,1297243,1298109
561307.5.peg.1186,-,1298166,1298297
561307.5.peg.1187,-,1298339,1299823
561307.5.peg.1188,+,1299945,1300079
561307.5.peg.1189,+,1300136,1301056
561307.5.peg.119,+,131029,131799
561307.5.peg.1190,-,1301161,1301976
561307.5.peg.1191,+,1302118,1302873
561307.5.peg.1192,+,1302889,1303137
561307.5.peg.1193,-,1303353,1304261
561307.5.peg.1194,+,1304343,1304885
561307.5.peg.1195,+,1304990,1305439
561307.5.peg.1196,+,1305488,1306375
561307.5.peg.1197,-,1306453,1306959
561307.5.peg.1198,+,1307051,1307782
561307.5.peg.1199,+,1307775,1308317
561307.5.peg.12,-,13480,14421
561307.5.peg.120,+,131897,132391
561307.5.peg.1200,+,1308310,1309047
561307.5.peg.1201,+,1309180,1309905
561307.5.peg.1202,+,1309943,1311637
561307.5.peg.1203,+,1312723,1313142
561307.5.peg.1204,-,1313398,1314333
561307.5.peg.1205,-,1314649,1314990
561307.5.peg.1206,+,1315010,1315882
561307.5.peg.1207,-,1315948,1316634
561307.5.peg.1208,+,1316808,1317461
561307.5.peg.1209,-,1317591,1317704
561307.5.peg.121,+,132514,133461
561307.5.peg.1210,-,1317697,1318716
561307.5.peg.1211,-,1318746,1319072
561307.5.peg.1212,-,1319290,1320522
561307.5.peg.1213,-,1320515,1321414
561307.5.peg.1214,-,1321645,1322292
561307.5.peg.1215,+,1322691,1323299
561307.5.peg.1216,+,1323636,1324844
561307.5.peg.1217,-,1325506,1326225
561307.5.peg.1218,-,1326346,1327065
561307.5.peg.1219,-,1327123,1327845
561307.5.peg.122,+,133549,134751
561307.5.peg.1220,-,1327970,1328677
561307.5.peg.1221,+,1329641,1330207
561307.5.peg.1222,-,1330681,1331379
561307.5.peg.1223,-,1331376,1332137
561307.5.peg.1224,-,1332134,1332826
561307.5.peg.1225,-,1332849,1334222
561307.5.peg.1226,-,1334232,1334750
561307.5.peg.1227,-,1334766,1336010
561307.5.peg.1228,-,1336003,1338996
561307.5.peg.1229,-,1339061,1339204
561307.5.peg.123,-,134997,135497
561307.5.peg.1230,-,1340326,1341309
561307.5.peg.1231,-,1341311,1342231
561307.5.peg.1232,+,1343129,1343584
561307.5.peg.1233,+,1343597,1344385
561307.5.peg.1234,-,1346059,1347021
561307.5.peg.1235,-,1347226,1347783
561307.5.peg.1236,-,1348516,1348881
561307.5.peg.1237,-,1349023,1349445
561307.5.peg.1238,+,1349579,1350319
561307.5.peg.1239,+,1350312,1351535
561307.5.peg.124,+,135638,136756
561307.5.peg.1240,-,1351659,1352162
561307.5.peg.1241,+,1352425,1353462
561307.5.peg.1242,+,1353520,1354443
561307.5.peg.1243,+,1354467,1355867
561307.5.peg.1244,+,1356190,1356744
561307.5.peg.1245,+,1358027,1359436
561307.5.peg.1246,+,1359440,1360288
561307.5.peg.1247,+,1360838,1361629
561307.5.peg.1248,+,1361644,1362288
561307.5.peg.1249,+,1362758,1363600
561307.5.peg.125,-,137072,138127
561307.5.peg.1250,-,1363725,1364039
561307.5.peg.1251,+,1364123,1365199
561307.5.peg.1252,+,1365264,1365575
561307.5.peg.1253,+,1365675,1366532
561307.5.peg.1254,+,1366561,1367157
561307.5.peg.1255,+,1367178,1371002
561307.5.peg.1256,+,1371026,1372339
561307.5.peg.1257,+,1372413,1372904
561307.5.peg.1258,+,1373794,1373952
561307.5.peg.1259,+,1373980,1375158
561307.5.peg.126,+,138302,138991
561307.5.peg.1260,-,1375289,1376104
561307.5.peg.1261,-,1376101,1376901
561307.5.peg.1262,-,1376903,1377676
561307.5.peg.1263,-,1377890,1378846
561307.5.peg.1264,+,1379075,1380619
561307.5.peg.1265,+,1380670,1382205
561307.5.peg.1266,+,1382298,1382492
561307.5.peg.1267,+,1382865,1383350
561307.5.peg.1268,+,1383335,1383625
561307.5.peg.1269,+,1383808,1383996
561307.5.peg.127,-,139296,139709
561307.5.peg.1270,-,1384249,1385739
561307.5.peg.1271,-,1385931,1386152
561307.5.peg.1272,-,1386152,1386652
561307.5.peg.1273,-,1386664,1387092
561307.5.peg.1274,-,1387085,1387618
561307.5.peg.1275,-,1387704,1388543
561307.5.peg.1276,-,1388558,1389037
561307.5.peg.1277,-,1389237,1390193
561307.5.peg.1278,-,1390617,1391054
561307.5.peg.1279,-,1391070,1392194
561307.5.peg.128,+,139914,141212
561307.5.peg.1280,-,1392232,1392483
561307.5.peg.1281,-,1392495,1392689
561307.5.peg.1282,+,1392934,1393638
561307.5.peg.1283,-,1393703,1393834
561307.5.peg.1284,+,1394278,1394421
561307.5.peg.1285,+,1395025,1395408
561307.5.peg.1286,+,1395419,1395595
561307.5.peg.1287,+,1395597,1395782
561307.5.peg.1288,+,1395896,1396537
561307.5.peg.1289,-,1396755,1397306
561307.5.peg.129,+,141473,142414
561307.5.peg.1290,-,1397404,1397748
561307.5.peg.1291,-,1397789,1398415
561307.5.peg.1292,-,1398491,1399486
561307.5.peg.1293,-,1399567,1400181
561307.5.peg.1294,+,1400493,1400975
561307.5.peg.1295,+,1401134,1402612
561307.5.peg.1296,-,1403858,1404574
561307.5.peg.1297,-,1404682,1405407
561307.5.peg.1298,-,1405502,1406227
561307.5.peg.1299,+,1406665,1407666
561307.5.peg.13,-,14411,15493
561307.5.peg.130,+,142435,145632
561307.5.peg.1300,+,1407686,1408621
561307.5.peg.1301,+,1408793,1410349
561307.5.peg.1302,+,1410657,1410884
561307.5.peg.1303,-,1411189,1412136
561307.5.peg.1304,+,1412385,1412573
561307.5.peg.1305,-,1412730,1413239
561307.5.peg.1306,-,1413433,1414191
561307.5.peg.1307,-,1414333,1415901
561307.5.peg.1308,+,1416243,1417328
561307.5.peg.1309,-,1417523,1418293
561307.5.peg.131,+,146082,147311
561307.5.peg.1310,-,1418387,1418503
561307.5.peg.1311,-,1418571,1420415
561307.5.peg.1312,-,1420425,1421366
561307.5.peg.1313,+,1421979,1423406
561307.5.peg.1314,+,1423470,1425110
561307.5.peg.1315,+,1425135,1425863
561307.5.peg.1316,+,1426502,1427026
561307.5.peg.1317,+,1427095,1428792
561307.5.peg.1318,+,1428882,1429199
561307.5.peg.1319,+,1429206,1429802
561307.5.peg.132,+,147506,148363
561307.5.peg.1320,-,1430654,1431712
561307.5.peg.1321,-,1431952,1433466
561307.5.peg.1322,-,1433459,1434436
561307.5.peg.1323,-,1434658,1436439
561307.5.peg.1324,-,1436451,1438328
561307.5.peg.1325,-,1439070,1439423
561307.5.peg.1326,-,1439420,1439785
561307.5.peg.1327,-,1440041,1440343
561307.5.peg.1328,+,1440603,1441316
561307.5.peg.1329,-,1441756,1442391
561307.5.peg.133,+,148363,149307
561307.5.peg.1330,+,1442687,1443130
561307.5.peg.1331,-,1443117,1443260
561307.5.peg.1332,-,1443673,1444221
561307.5.peg.1333,+,1444342,1444566
561307.5.peg.1334,+,1444842,1445696
561307.5.peg.1335,-,1446353,1446730
561307.5.peg.1336,-,1447250,1451362
561307.5.peg.1337,-,1452212,1453411
561307.5.peg.1338,-,1453404,1454540
561307.5.peg.1339,+,1454900,1455802
561307.5.peg.134,+,149576,150544
561307.5.peg.1340,-,1456045,1456632
561307.5.peg.1341,-,1457205,1458149
561307.5.peg.1342,-,1458259,1459254
561307.5.peg.1343,-,1459251,1460162
561307.5.peg.1344,-,1460796,1461623
561307.5.peg.1345,+,1461857,1462858
561307.5.peg.1346,-,1462980,1463444
561307.5.peg.1347,-,1463457,1464638
561307.5.peg.1348,-,1464649,1465281
561307.5.peg.1349,-,1465288,1466331
561307.5.peg.135,+,150566,152323
561307.5.peg.1350,-,1466812,1468314
561307.5.peg.1351,+,1469151,1470443
561307.5.peg.1352,+,1470461,1470856
561307.5.peg.1353,+,1471446,1474151
561307.5.peg.1354,+,1474331,1474798
561307.5.peg.1355,-,1475005,1475301
561307.5.peg.1356,-,1475677,1476285
561307.5.peg.1357,+,1476485,1478482
561307.5.peg.1358,+,1478482,1480884
561307.5.peg.1359,+,1481134,1482594
561307.5.peg.136,-,153177,153578
561307.5.peg.1360,+,1483094,1483945
561307.5.peg.1361,+,1484140,1485288
561307.5.peg.1362,+,1485769,1488291
561307.5.peg.1363,-,1488494,1489003
561307.5.peg.1364,+,1489140,1490123
561307.5.peg.1365,-,1490211,1490399
561307.5.peg.1366,+,1490544,1491806
561307.5.peg.1367,-,1491943,1493034
561307.5.peg.1368,+,1493199,1494230
561307.5.peg.1369,+,1494722,1496128
561307.5.peg.137,+,153848,154876
561307.5.peg.1370,+,1496125,1496691
561307.5.peg.1371,+,1496697,1497695
561307.5.peg.1372,+,1497697,1498479
561307.5.peg.1373,+,1498476,1499111
561307.5.peg.1374,+,1499104,1500318
561307.5.peg.1375,+,1500311,1501039
561307.5.peg.1376,+,1501361,1502623
561307.5.peg.1377,+,1502642,1503901
561307.5.peg.1378,+,1504584,1505351
561307.5.peg.1379,-,1505399,1505872
561307.5.peg.138,-,154996,156375
561307.5.peg.1380,-,1505996,1506697
561307.5.peg.1381,-,1506690,1507463
561307.5.peg.1382,-,1507450,1508280
561307.5.peg.1383,-,1508273,1509259
561307.5.peg.1384,-,1509563,1509907
561307.5.peg.1385,+,1510112,1511926
561307.5.peg.1386,-,1512066,1512707
561307.5.peg.1387,-,1512714,1513565
561307.5.peg.1388,-,1513612,1514529
561307.5.peg.1389,-,1514531,1515457
561307.5.peg.139,+,156472,156600
561307.5.peg.1390,-,1515648,1516631
561307.5.peg.1391,-,1517496,1518302
561307.5.peg.1392,-,1518325,1518690
561307.5.peg.1393,-,1518794,1519387
561307.5.peg.1394,+,1519573,1519920
561307.5.peg.1395,+,1519937,1520572
561307.5.peg.1396,+,1520589,1521398
561307.5.peg.1397,+,1521395,1522249
561307.5.peg.1398,-,1522813,1524405
561307.5.peg.1399,+,1524776,1525969
561307.5.peg.14,-,15510,16580
561307.5.peg.140,-,156795,157724
561307.5.peg.1400,+,1526094,1527002
561307.5.peg.1401,+,1527214,1528047
561307.5.peg.1402,-,1528662,1529597
561307.5.peg.1403,-,1529664,1531103
561307.5.peg.1404,-,1531111,1531392
561307.5.peg.1405,-,1531604,1532443
561307.5.peg.1406,-,1532449,1533381
561307.5.peg.1407,+,1535037,1535171
561307.5.peg.1408,+,1535228,1535362
561307.5.peg.1409,+,1535495,1536181
561307.5.peg.141,-,157777,158337
561307.5.peg.1410,-,1536290,1536730
561307.5.peg.1411,+,1536925,1537152
561307.5.peg.1412,+,1537185,1538546
561307.5.peg.1413,+,1538671,1539099
561307.5.peg.1414,+,1539279,1540145
561307.5.peg.1415,-,1540356,1541099
561307.5.peg.1416,+,1541425,1541781
561307.5.peg.1417,+,1544248,1544952
561307.5.peg.1418,+,1545398,1546093
561307.5.peg.1419,+,1546514,1547209
561307.5.peg.142,+,158709,159806
561307.5.peg.1420,+,1547553,1548251
561307.5.peg.1421,+,1548631,1549329
561307.5.peg.1422,+,1549695,1550378
561307.5.peg.1423,-,1550980,1551720
561307.5.peg.1424,+,1551971,1552678
561307.5.peg.1425,+,1552685,1554037
561307.5.peg.1426,-,1554874,1555938
561307.5.peg.1427,-,1556086,1557477
561307.5.peg.1428,+,1557771,1557926
561307.5.peg.1429,-,1561936,1562853
561307.5.peg.143,+,160011,161573
561307.5.peg.1430,-,1562944,1565106
561307.5.peg.1431,-,1565099,1565614
561307.5.peg.1432,-,1565696,1567636
561307.5.peg.1433,-,1568110,1569114
561307.5.peg.1434,-,1569098,1569808
561307.5.peg.1435,-,1570168,1570776
561307.5.peg.1436,-,1570776,1571927
561307.5.peg.1437,-,1571911,1572504
561307.5.peg.1438,+,1572855,1573523
561307.5.peg.1439,+,1573525,1573944
561307.5.peg.144,-,161763,162557
561307.5.peg.1440,+,1573948,1574661
561307.5.peg.1441,+,1574760,1575344
561307.5.peg.1442,+,1575624,1576064
561307.5.peg.1443,+,1576406,1576879
561307.5.peg.1444,+,1576854,1577540
561307.5.peg.1445,+,1577540,1578595
561307.5.peg.1446,-,1578667,1579650
561307.5.peg.1447,-,1579782,1580621
561307.5.peg.1448,-,1580843,1582168
561307.5.peg.1449,-,1582413,1583594
561307.5.peg.145,-,162577,163653
561307.5.peg.1450,-,1583902,1585860
561307.5.peg.1451,-,1585866,1586786
561307.5.peg.1452,-,1586783,1587544
561307.5.peg.1453,-,1587797,1588279
561307.5.peg.1454,-,1588453,1588917
561307.5.peg.1455,-,1589198,1590364
561307.5.peg.1456,+,1590573,1590995
561307.5.peg.1457,+,1591181,1591798
561307.5.peg.1458,-,1592234,1593607
561307.5.peg.1459,-,1593693,1595246
561307.5.peg.146,+,163837,165306
561307.5.peg.1460,-,1595529,1595816
561307.5.peg.1461,-,1595851,1596759
561307.5.peg.1462,-,1596862,1597788
561307.5.peg.1463,+,1598015,1598458
561307.5.peg.1464,-,1598585,1600258
561307.5.peg.1465,-,1600255,1601886
561307.5.peg.1466,+,1602105,1602980
561307.5.peg.1467,+,1603152,1603835
561307.5.peg.1468,+,1603838,1604296
561307.5.peg.1469,+,1604298,1604864
561307.5.peg.147,+,165299,166120
561307.5.peg.1470,-,1604960,1605502
561307.5.peg.1471,-,1605582,1605881
561307.5.peg.1472,-,1606019,1606414
561307.5.peg.1473,-,1606481,1606798
561307.5.peg.1474,+,1607051,1607740
561307.5.peg.1475,-,1607839,1608327
561307.5.peg.1476,-,1608324,1609544
561307.5.peg.1477,-,1609745,1610611
561307.5.peg.1478,-,1610727,1611371
561307.5.peg.1479,-,1611516,1611632
561307.5.peg.148,+,166391,166993
561307.5.peg.1480,-,1611724,1612197
561307.5.peg.1481,-,1612197,1612913
561307.5.peg.1482,-,1613103,1613528
561307.5.peg.1483,-,1613608,1615758
561307.5.peg.1484,-,1616455,1617099
561307.5.peg.1485,+,1617460,1618257
561307.5.peg.1486,-,1618845,1619852
561307.5.peg.1487,-,1619868,1620485
561307.5.peg.1488,-,1621210,1623099
561307.5.peg.1489,-,1623089,1623850
561307.5.peg.149,+,166974,167147
561307.5.peg.1490,-,1623994,1625034
561307.5.peg.1491,-,1625027,1625701
561307.5.peg.1492,-,1625717,1626640
561307.5.peg.1493,+,1626753,1627259
561307.5.peg.1494,-,1627468,1627896
561307.5.peg.1495,-,1628225,1629268
561307.5.peg.1496,-,1629419,1630486
561307.5.peg.1497,-,1630942,1631439
561307.5.peg.1498,-,1631555,1631917
561307.5.peg.1499,-,1631910,1632494
561307.5.peg.15,-,16580,17506
561307.5.peg.150,-,167439,167765
561307.5.peg.1500,-,1632536,1633504
561307.5.peg.1501,-,1633738,1634754
561307.5.peg.1502,-,1634751,1635755
561307.5.peg.1503,-,1635791,1636588
561307.5.peg.1504,-,1636870,1637703
561307.5.peg.1505,-,1638228,1639457
561307.5.peg.1506,-,1639816,1641543
561307.5.peg.1507,+,1641964,1643259
561307.5.peg.1508,-,1643376,1643774
561307.5.peg.1509,-,1643837,1644898
561307.5.peg.151,-,167796,168962
561307.5.peg.1510,-,1644895,1645944
561307.5.peg.1511,-,1646097,1646909
561307.5.peg.1512,+,1647256,1648050
561307.5.peg.1513,-,1648111,1648875
561307.5.peg.1514,+,1649111,1649863
561307.5.peg.1515,-,1649943,1650587
561307.5.peg.1516,+,1650709,1651452
561307.5.peg.1517,+,1651446,1652282
561307.5.peg.1518,+,1652279,1653217
561307.5.peg.1519,-,1653914,1656211
561307.5.peg.152,+,169823,171118
561307.5.peg.1520,-,1656399,1656884
561307.5.peg.1521,-,1657259,1658029
561307.5.peg.1522,-,1658010,1658489
561307.5.peg.1523,+,1658549,1658806
561307.5.peg.1524,+,1658940,1659206
561307.5.peg.1525,-,1661927,1662913
561307.5.peg.1526,+,1663727,1664356
561307.5.peg.1527,-,1664791,1665333
561307.5.peg.1528,-,1665766,1665918
561307.5.peg.1529,-,1665929,1666429
561307.5.peg.153,+,171227,171529
561307.5.peg.1530,-,1666440,1666940
561307.5.peg.1531,-,1667072,1667290
561307.5.peg.1532,-,1667426,1668037
561307.5.peg.1533,-,1668184,1668504
561307.5.peg.1534,-,1669520,1670236
561307.5.peg.1535,-,1670394,1670618
561307.5.peg.1536,-,1670730,1671131
561307.5.peg.1537,-,1676241,1676381
561307.5.peg.1538,+,1676579,1677010
561307.5.peg.1539,-,1679381,1679890
561307.5.peg.154,+,171701,172393
561307.5.peg.1540,-,1679953,1680192
561307.5.peg.1541,-,1680205,1680741
561307.5.peg.1542,-,1680916,1682478
561307.5.peg.1543,-,1682785,1683786
561307.5.peg.1544,-,1684020,1685021
561307.5.peg.1545,-,1685304,1686173
561307.5.peg.1546,-,1686439,1687851
561307.5.peg.1547,-,1687869,1689587
561307.5.peg.1548,-,1689587,1689898
561307.5.peg.1549,-,1689920,1690900
561307.5.peg.155,+,172390,174582
561307.5.peg.1550,-,1690904,1691836
561307.5.peg.1551,-,1691849,1692364
561307.5.peg.1552,-,1692380,1692808
561307.5.peg.1553,-,1693176,1693931
561307.5.peg.1554,+,1694182,1694913
561307.5.peg.1555,-,1695204,1695812
561307.5.peg.1556,-,1696074,1696199
561307.5.peg.1557,-,1696419,1697267
561307.5.peg.1558,-,1697337,1697753
561307.5.peg.1559,+,1698161,1700584
561307.5.peg.156,+,174586,176589
561307.5.peg.1560,-,1700644,1701342
561307.5.peg.1561,-,1701709,1702524
561307.5.peg.1562,+,1702818,1703243
561307.5.peg.1563,-,1703607,1704311
561307.5.peg.1564,-,1704348,1706012
561307.5.peg.1565,-,1707202,1708608
561307.5.peg.1566,-,1708737,1709873
561307.5.peg.1567,-,1709874,1710665
561307.5.peg.1568,-,1710678,1710971
561307.5.peg.1569,-,1710968,1712065
561307.5.peg.157,+,176602,177801
561307.5.peg.1570,-,1712610,1713002
561307.5.peg.1571,-,1713022,1713459
561307.5.peg.1572,-,1713699,1714502
561307.5.peg.1573,-,1714507,1715313
561307.5.peg.1574,-,1715303,1716163
561307.5.peg.1575,-,1716160,1716969
561307.5.peg.1576,-,1717507,1717875
561307.5.peg.1577,-,1717892,1718836
561307.5.peg.1578,-,1718911,1719300
561307.5.peg.1579,-,1719324,1719689
561307.5.peg.158,-,177890,179428
561307.5.peg.1580,-,1719712,1719825
561307.5.peg.1581,-,1719857,1720075
561307.5.peg.1582,-,1720268,1720915
561307.5.peg.1583,-,1720932,1722224
561307.5.peg.1584,-,1722224,1722664
561307.5.peg.1585,-,1722681,1722860
561307.5.peg.1586,-,1722877,1723377
561307.5.peg.1587,-,1723398,1723757
561307.5.peg.1588,-,1723788,1724324
561307.5.peg.1589,-,1724349,1724747
561307.5.peg.159,+,179795,180097
561307.5.peg.1590,-,1724779,1724964
561307.5.peg.1591,-,1724987,1725526
561307.5.peg.1592,-,1725553,1725870
561307.5.peg.1593,-,1725906,1726274
561307.5.peg.1594,-,1726306,1726569
561307.5.peg.1595,-,1726593,1726802
561307.5.peg.1596,-,1726792,1727226
561307.5.peg.1597,-,1727229,1727882
561307.5.peg.1598,-,1727906,1728259
561307.5.peg.1599,-,1728288,1728566
561307.5.peg.16,+,17749,18120
561307.5.peg.160,+,180099,181556
561307.5.peg.1600,-,1728633,1729466
561307.5.peg.1601,-,1729499,1729774
561307.5.peg.1602,-,1729774,1730397
561307.5.peg.1603,-,1730424,1731086
561307.5.peg.1604,-,1731114,1731422
561307.5.peg.1605,+,1731779,1732168
561307.5.peg.1606,-,1732360,1733694
561307.5.peg.1607,-,1733807,1735942
561307.5.peg.1608,+,1736129,1737016
561307.5.peg.1609,+,1737197,1738060
561307.5.peg.161,+,181569,182996
561307.5.peg.1610,-,1738177,1738308
561307.5.peg.1611,-,1738479,1739387
561307.5.peg.1612,+,1739520,1739684
561307.5.peg.1613,+,1739929,1740246
561307.5.peg.1614,-,1740433,1743600
561307.5.peg.1615,-,1743717,1744982
561307.5.peg.1616,-,1745614,1746378
561307.5.peg.1617,+,1746540,1746980
561307.5.peg.1618,+,1746973,1748184
561307.5.peg.1619,-,1748288,1748638
561307.5.peg.162,+,183765,184712
561307.5.peg.1620,-,1748991,1749125
561307.5.peg.1621,-,1749329,1750351
561307.5.peg.1622,-,1750371,1750970
561307.5.peg.1623,-,1750977,1751210
561307.5.peg.1624,-,1751216,1751662
561307.5.peg.1625,-,1751676,1752161
561307.5.peg.1626,-,1752158,1753417
561307.5.peg.1627,+,1753480,1753974
561307.5.peg.1628,-,1753976,1754482
561307.5.peg.1629,-,1754513,1755517
561307.5.peg.163,+,184793,186154
561307.5.peg.1630,-,1755687,1756292
561307.5.peg.1631,-,1756293,1756964
561307.5.peg.1632,-,1756978,1757760
561307.5.peg.1633,+,1758050,1758847
561307.5.peg.1634,-,1759019,1759789
561307.5.peg.1635,-,1759861,1760415
561307.5.peg.1636,-,1760536,1761477
561307.5.peg.1637,-,1761876,1762784
561307.5.peg.1638,-,1762998,1763180
561307.5.peg.1639,-,1763287,1764153
561307.5.peg.164,+,186324,186854
561307.5.peg.1640,-,1764370,1765275
561307.5.peg.1641,+,1765535,1765837
561307.5.peg.1642,+,1765851,1766261
561307.5.peg.1643,+,1766258,1767973
561307.5.peg.1644,+,1767986,1768438
561307.5.peg.1645,+,1768431,1769120
561307.5.peg.1646,+,1769133,1769747
561307.5.peg.1647,+,1769747,1770583
561307.5.peg.1648,-,1770772,1771119
561307.5.peg.1649,-,1771547,1771873
561307.5.peg.165,+,187101,188171
561307.5.peg.1650,-,1771937,1772680
561307.5.peg.1651,-,1772706,1774661
561307.5.peg.1652,+,1775271,1776074
561307.5.peg.1653,-,1776507,1777907
561307.5.peg.1654,-,1778002,1779084
561307.5.peg.1655,+,1779332,1779754
561307.5.peg.1656,+,1779991,1780491
561307.5.peg.1657,+,1780853,1781806
561307.5.peg.1658,-,1781898,1783022
561307.5.peg.1659,-,1783333,1784109
561307.5.peg.166,-,188239,188793
561307.5.peg.1660,-,1784131,1784301
561307.5.peg.1661,-,1784592,1785065
561307.5.peg.1662,-,1785065,1788019
561307.5.peg.1663,-,1788621,1789568
561307.5.peg.1664,-,1789701,1790498
561307.5.peg.1665,+,1790883,1791575
561307.5.peg.1666,+,1791931,1792245
561307.5.peg.1667,-,1792222,1792959
561307.5.peg.1668,+,1793008,1793337
561307.5.peg.1669,+,1793782,1794654
561307.5.peg.167,-,189182,189682
561307.5.peg.1670,-,1795041,1796420
561307.5.peg.1671,+,1796700,1797056
561307.5.peg.1672,+,1797053,1797238
561307.5.peg.1673,-,1797334,1797525
561307.5.peg.1674,-,1797536,1798171
561307.5.peg.1675,-,1798246,1799115
561307.5.peg.1676,+,1799430,1799960
561307.5.peg.1677,-,1800026,1801630
561307.5.peg.1678,+,1801960,1802724
561307.5.peg.1679,-,1802782,1803288
561307.5.peg.168,+,189974,191287
561307.5.peg.1680,-,1803455,1804768
561307.5.peg.1681,+,1804746,1804910
561307.5.peg.1682,-,1804993,1805562
561307.5.peg.1683,-,1806049,1806930
561307.5.peg.1684,-,1807041,1808162
561307.5.peg.1685,-,1808439,1809677
561307.5.peg.1686,-,1809677,1811338
561307.5.peg.1687,+,1811498,1812382
561307.5.peg.1688,-,1813667,1814167
561307.5.peg.1689,-,1814179,1814352
561307.5.peg.169,+,191289,192020
561307.5.peg.1690,+,1838199,1838762
561307.5.peg.1691,+,1839072,1839254
561307.5.peg.1692,-,1844268,1845659
561307.5.peg.1693,-,1845816,1847138
561307.5.peg.1694,-,1847169,1848209
561307.5.peg.1695,-,1848304,1849422
561307.5.peg.1696,-,1849897,1850775
561307.5.peg.1697,-,1850795,1854235
561307.5.peg.1698,+,1854539,1855879
561307.5.peg.1699,-,1856085,1856417
561307.5.peg.17,-,18175,19419
561307.5.peg.170,+,192206,192658
561307.5.peg.1700,-,1856501,1857646
561307.5.peg.1701,-,1858080,1858196
561307.5.peg.1702,-,1858297,1858641
561307.5.peg.1703,-,1858655,1859218
561307.5.peg.1704,-,1859211,1859561
561307.5.peg.1705,+,1860101,1860727
561307.5.peg.1706,+,1860724,1862907
561307.5.peg.1707,-,1863473,1863814
561307.5.peg.1708,-,1863819,1864478
561307.5.peg.1709,-,1864468,1865154
561307.5.peg.171,+,194622,194789
561307.5.peg.1710,-,1865482,1866774
561307.5.peg.1711,-,1867096,1869789
561307.5.peg.1712,-,1869813,1870784
561307.5.peg.1713,-,1870771,1871973
561307.5.peg.1714,-,1871978,1873090
561307.5.peg.1715,-,1873361,1873678
561307.5.peg.1716,-,1874015,1874713
561307.5.peg.1717,-,1874767,1875354
561307.5.peg.1718,-,1875344,1875919
561307.5.peg.1719,-,1875933,1877177
561307.5.peg.172,-,195787,197073
561307.5.peg.1720,-,1877184,1878482
561307.5.peg.1721,-,1878492,1879556
561307.5.peg.1722,-,1879582,1880748
561307.5.peg.1723,-,1881543,1881992
561307.5.peg.1724,-,1882084,1883043
561307.5.peg.1725,-,1883045,1883770
561307.5.peg.1726,-,1883773,1884345
561307.5.peg.1727,-,1884776,1885048
561307.5.peg.1728,-,1885219,1886217
561307.5.peg.1729,-,1886234,1887544
561307.5.peg.173,-,197310,198092
561307.5.peg.1730,-,1887766,1888941
561307.5.peg.1731,-,1889506,1889622
561307.5.peg.1732,-,1889653,1890312
561307.5.peg.1733,+,1890389,1891357
561307.5.peg.1734,-,1891472,1892458
561307.5.peg.1735,-,1892860,1894320
561307.5.peg.1736,-,1894473,1895852
561307.5.peg.1737,-,1895842,1896795
561307.5.peg.1738,+,1896903,1897151
561307.5.peg.1739,-,1897257,1897802
561307.5.peg.174,-,198099,198869
561307.5.peg.1740,-,1898081,1898200
561307.5.peg.1741,-,1898399,1899313
561307.5.peg.1742,-,1899328,1899534
561307.5.peg.1743,-,1899527,1900108
561307.5.peg.1744,+,1900316,1900615
561307.5.peg.1745,+,1900626,1901126
561307.5.peg.1746,+,1901137,1901637
561307.5.peg.1747,+,1901648,1902136
561307.5.peg.1748,+,1902759,1903133
561307.5.peg.1749,+,1903286,1903684
561307.5.peg.175,-,199242,199796
561307.5.peg.1750,-,1903900,1904724
561307.5.peg.1751,-,1904961,1906268
561307.5.peg.1752,+,1906852,1907742
561307.5.peg.1753,+,1907991,1909040
561307.5.peg.1754,+,1909053,1909730
561307.5.peg.1755,+,1909938,1910969
561307.5.peg.1756,+,1911312,1912430
561307.5.peg.1757,+,1912405,1913328
561307.5.peg.1758,+,1913339,1914559
561307.5.peg.1759,-,1914664,1916196
561307.5.peg.176,-,199815,200537
561307.5.peg.1760,-,1916236,1917117
561307.5.peg.1761,+,1917275,1918135
561307.5.peg.1762,-,1918413,1919213
561307.5.peg.1763,+,1919353,1920021
561307.5.peg.1764,-,1920148,1921509
561307.5.peg.1765,+,1921879,1923951
561307.5.peg.1766,-,1924193,1925020
561307.5.peg.1767,-,1925093,1926292
561307.5.peg.1768,+,1926594,1927595
561307.5.peg.1769,+,1927629,1927961
561307.5.peg.177,-,200674,201555
561307.5.peg.1770,+,1927962,1928762
561307.5.peg.1771,+,1928749,1929696
561307.5.peg.1772,+,1929674,1930696
561307.5.peg.1773,+,1931011,1932036
561307.5.peg.1774,-,1932129,1933475
561307.5.peg.1775,-,1933490,1933774
561307.5.peg.1776,-,1933776,1934219
561307.5.peg.1777,-,1934224,1936179
561307.5.peg.1778,+,1936391,1936810
561307.5.peg.1779,+,1936917,1938272
561307.5.peg.178,-,201590,201703
561307.5.peg.1780,+,1938376,1938816
561307.5.peg.1781,-,1938899,1940257
561307.5.peg.1782,+,1940565,1941491
561307.5.peg.1783,+,1941505,1942566
561307.5.peg.1784,+,1942580,1943146
561307.5.peg.1785,-,1943206,1944201
561307.5.peg.1786,+,1944200,1944607
561307.5.peg.1787,+,1944620,1945165
561307.5.peg.1788,+,1945433,1946287
561307.5.peg.1789,+,1946284,1947513
561307.5.peg.179,-,201737,202504
561307.5.peg.1790,+,1947494,1949206
561307.5.peg.1791,-,1949299,1949904
561307.5.peg.1792,-,1950017,1950232
561307.5.peg.1793,-,1950341,1950730
561307.5.peg.1794,+,1950971,1951174
561307.5.peg.1795,+,1951171,1951884
561307.5.peg.1796,+,1951909,1952751
561307.5.peg.1797,+,1952751,1953380
561307.5.peg.1798,-,1953747,1954880
561307.5.peg.1799,+,1955419,1956600
561307.5.peg.18,-,19431,20372
561307.5.peg.180,-,202846,203619
561307.5.peg.1800,-,1956683,1957435
561307.5.peg.1801,-,1957478,1959706
561307.5.peg.1802,-,1959703,1961544
561307.5.peg.1803,-,1961513,1962673
561307.5.peg.1804,-,1962670,1963773
561307.5.peg.1805,+,1964437,1965282
561307.5.peg.1806,+,1965439,1966320
561307.5.peg.1807,+,1966350,1966553
561307.5.peg.1808,+,1966565,1967662
561307.5.peg.1809,-,1967748,1967939
561307.5.peg.181,-,203644,205047
561307.5.peg.1810,+,1968183,1968479
561307.5.peg.1811,+,1968500,1969003
561307.5.peg.1812,+,1969055,1969297
561307.5.peg.1813,-,1969563,1970537
561307.5.peg.1814,-,1970540,1970653
561307.5.peg.1815,-,1970929,1971087
561307.5.peg.1816,+,1971447,1972058
561307.5.peg.1817,+,1972427,1972795
561307.5.peg.1818,+,1972976,1973548
561307.5.peg.1819,-,1973686,1973949
561307.5.peg.182,-,205113,205658
561307.5.peg.1820,+,1974249,1974500
561307.5.peg.1821,+,1974926,1975507
561307.5.peg.1822,-,1975573,1975956
561307.5.peg.1823,-,1976211,1976837
561307.5.peg.1824,-,1976910,1977167
561307.5.peg.1825,-,1977282,1978805
561307.5.peg.1826,-,1978821,1979390
561307.5.peg.1827,+,1979882,1980637
561307.5.peg.1828,+,1981167,1981712
561307.5.peg.1829,-,1982333,1983250
561307.5.peg.183,-,205655,206551
561307.5.peg.1830,-,1983520,1985025
561307.5.peg.1831,-,1985366,1985866
561307.5.peg.1832,-,1985886,1986752
561307.5.peg.1833,+,1987553,1987951
561307.5.peg.1834,+,1987914,1990019
561307.5.peg.1835,+,1990137,1991108
561307.5.peg.1836,+,1991816,1992787
561307.5.peg.1837,+,1992774,1993730
561307.5.peg.1838,+,1993727,1994488
561307.5.peg.1839,+,1994607,1995635
561307.5.peg.184,-,206968,208275
561307.5.peg.1840,-,1995952,1996266
561307.5.peg.1841,-,1996284,1997207
561307.5.peg.1842,-,1997334,1997852
561307.5.peg.1843,+,1997972,1998850
561307.5.peg.1844,+,1999004,1999324
561307.5.peg.1845,+,1999749,2000873
561307.5.peg.1846,-,2001062,2002288
561307.5.peg.1847,-,2002302,2002796
561307.5.peg.1848,-,2002814,2003575
561307.5.peg.1849,-,2003771,2004841
561307.5.peg.185,-,208431,210500
561307.5.peg.1850,+,2005159,2006214
561307.5.peg.1851,-,2006384,2007025
561307.5.peg.1852,+,2007169,2007552
561307.5.peg.1853,+,2007916,2008998
561307.5.peg.1854,+,2008991,2009665
561307.5.peg.1855,+,2009726,2010298
561307.5.peg.1856,+,2010712,2013243
561307.5.peg.1857,+,2013676,2014668
561307.5.peg.1858,+,2015077,2015916
561307.5.peg.1859,+,2016090,2016740
561307.5.peg.186,-,210680,211552
561307.5.peg.1860,+,2016737,2016973
561307.5.peg.1861,+,2017242,2019227
561307.5.peg.1862,+,2019235,2022081
561307.5.peg.1863,+,2023123,2023479
561307.5.peg.1864,-,2023619,2024284
561307.5.peg.1865,-,2024284,2025339
561307.5.peg.1866,+,2025475,2026149
561307.5.peg.1867,+,2026142,2027515
561307.5.peg.1868,+,2027678,2028121
561307.5.peg.1869,+,2028118,2028573
561307.5.peg.187,-,211725,212969
561307.5.peg.1870,-,2028639,2030117
561307.5.peg.1871,-,2030498,2032096
561307.5.peg.1872,+,2032398,2034086
561307.5.peg.1873,-,2034239,2034868
561307.5.peg.1874,-,2035182,2035697
561307.5.peg.1875,+,2035846,2036892
561307.5.peg.1876,-,2036938,2037339
561307.5.peg.1877,-,2037375,2038409
561307.5.peg.1878,-,2038420,2038536
561307.5.peg.1879,-,2038641,2039072
561307.5.peg.188,-,212997,214115
561307.5.peg.1880,-,2039279,2040556
561307.5.peg.1881,+,2040717,2041340
561307.5.peg.1882,+,2041386,2042330
561307.5.peg.1883,-,2042416,2043858
561307.5.peg.1884,+,2044041,2044424
561307.5.peg.1885,+,2045912,2048017
561307.5.peg.1886,+,2048088,2048510
561307.5.peg.1887,+,2048775,2049131
561307.5.peg.1888,-,2049535,2050812
561307.5.peg.1889,-,2050994,2051359
561307.5.peg.189,-,214342,215250
561307.5.peg.1890,+,2051757,2052203
561307.5.peg.1891,+,2052410,2052847
561307.5.peg.1892,-,2052954,2054123
561307.5.peg.1893,+,2054493,2055131
561307.5.peg.1894,+,2055294,2055407
561307.5.peg.1895,+,2055386,2056126
561307.5.peg.1896,-,2056384,2056986
561307.5.peg.1897,-,2057060,2058094
561307.5.peg.1898,-,2058118,2058570
561307.5.peg.1899,-,2058590,2059267
561307.5.peg.19,+,20667,20852
561307.5.peg.190,-,215272,216438
561307.5.peg.1900,-,2059260,2059835
561307.5.peg.1901,-,2059828,2061273
561307.5.peg.1902,-,2061377,2065066
561307.5.peg.1903,-,2065375,2066352
561307.5.peg.1904,-,2066343,2066657
561307.5.peg.1905,-,2066661,2069066
561307.5.peg.1906,-,2069132,2069902
561307.5.peg.1907,-,2070093,2070629
561307.5.peg.1908,-,2070862,2071686
561307.5.peg.1909,-,2071903,2072085
561307.5.peg.191,-,216547,217314
561307.5.peg.1910,-,2072169,2072636
561307.5.peg.1911,-,2072822,2074372
561307.5.peg.1912,-,2074667,2074858
561307.5.peg.1913,-,2074933,2075184
561307.5.peg.1914,-,2075457,2076056
561307.5.peg.1915,-,2076075,2076437
561307.5.peg.1916,+,2076692,2077942
561307.5.peg.1917,-,2078039,2078770
561307.5.peg.1918,-,2078767,2079486
561307.5.peg.1919,-,2079467,2080246
561307.5.peg.192,-,217298,218182
561307.5.peg.1920,-,2080367,2081806
561307.5.peg.1921,-,2082238,2082924
561307.5.peg.1922,-,2083251,2084117
561307.5.peg.1923,+,2084869,2086179
561307.5.peg.1924,+,2086679,2087644
561307.5.peg.1925,+,2087708,2087833
561307.5.peg.1926,+,2088212,2089159
561307.5.peg.1927,+,2089161,2090138
561307.5.peg.1928,-,2090190,2090657
561307.5.peg.1929,-,2090668,2091360
561307.5.peg.193,+,218583,221189
561307.5.peg.1930,-,2091371,2092486
561307.5.peg.1931,-,2092464,2093471
561307.5.peg.1932,-,2093473,2094831
561307.5.peg.1933,-,2094809,2095495
561307.5.peg.1934,-,2095947,2097680
561307.5.peg.1935,-,2097705,2099468
561307.5.peg.1936,-,2100337,2100723
561307.5.peg.1937,+,2100991,2102133
561307.5.peg.1938,+,2102193,2102852
561307.5.peg.1939,+,2103034,2104245
561307.5.peg.194,-,221433,221783
561307.5.peg.1940,-,2104368,2104841
561307.5.peg.1941,+,2104954,2105610
561307.5.peg.1942,-,2105673,2106479
561307.5.peg.1943,+,2106766,2108175
561307.5.peg.1944,+,2108313,2110391
561307.5.peg.1945,-,2110531,2112360
561307.5.peg.1946,+,2112592,2114088
561307.5.peg.1947,-,2114180,2115031
561307.5.peg.1948,-,2115353,2116288
561307.5.peg.1949,-,2116514,2117914
561307.5.peg.195,-,221886,222623
561307.5.peg.1950,-,2118208,2118903
561307.5.peg.1951,-,2118903,2119844
561307.5.peg.1952,-,2119861,2120496
561307.5.peg.1953,-,2120493,2121719
561307.5.peg.1954,-,2122389,2123003
561307.5.peg.1955,+,2123168,2124805
561307.5.peg.1956,+,2125413,2126765
561307.5.peg.1957,-,2126827,2128014
561307.5.peg.1958,-,2128410,2129186
561307.5.peg.1959,-,2129179,2129841
561307.5.peg.196,-,222623,223126
561307.5.peg.1960,-,2130089,2131165
561307.5.peg.1961,-,2131520,2131786
561307.5.peg.1962,-,2131786,2132043
561307.5.peg.1963,+,2132402,2132857
561307.5.peg.1964,-,2133025,2134602
561307.5.peg.1965,+,2134797,2135546
561307.5.peg.1966,-,2135770,2136963
561307.5.peg.1967,-,2136975,2137724
561307.5.peg.1968,-,2137717,2138532
561307.5.peg.1969,-,2138529,2139398
561307.5.peg.197,-,223314,223589
561307.5.peg.1970,-,2139395,2140330
561307.5.peg.1971,-,2140343,2141941
561307.5.peg.1972,-,2142084,2143385
561307.5.peg.1973,-,2143378,2144196
561307.5.peg.1974,-,2144207,2145028
561307.5.peg.1975,-,2145895,2146260
561307.5.peg.1976,-,2146523,2147242
561307.5.peg.1977,+,2147574,2149112
561307.5.peg.1978,-,2149224,2149646
561307.5.peg.1979,-,2150098,2150517
561307.5.peg.198,-,224024,225391
561307.5.peg.1980,-,2150535,2150954
561307.5.peg.1981,-,2151221,2151643
561307.5.peg.1982,-,2151894,2152589
561307.5.peg.1983,+,2152878,2153159
561307.5.peg.1984,-,2153419,2153610
561307.5.peg.1985,-,2154171,2154968
561307.5.peg.1986,-,2155501,2155788
561307.5.peg.1987,-,2155791,2156117
561307.5.peg.1988,-,2156329,2157441
561307.5.peg.1989,-,2157438,2158226
561307.5.peg.199,-,225417,225749
561307.5.peg.1990,-,2158335,2159036
561307.5.peg.1991,-,2159414,2160913
561307.5.peg.1992,-,2160956,2162275
561307.5.peg.1993,-,2162277,2162669
561307.5.peg.1994,+,2162957,2164594
561307.5.peg.1995,+,2164878,2165144
561307.5.peg.1996,+,2165288,2165596
561307.5.peg.1997,-,2165918,2167111
561307.5.peg.1998,-,2167495,2168085
561307.5.peg.1999,-,2169288,2170775
561307.5.peg.2,-,2093,3079
561307.5.peg.20,-,21109,21543
561307.5.peg.200,-,225736,226986
561307.5.peg.2000,-,2171314,2171790
561307.5.peg.2001,-,2171787,2172152
561307.5.peg.2002,-,2172130,2172933
561307.5.peg.2003,-,2173149,2174081
561307.5.peg.2004,-,2174260,2175141
561307.5.peg.2005,-,2175370,2177463
561307.5.peg.2006,-,2177720,2178259
561307.5.peg.2007,-,2178264,2179559
561307.5.peg.2008,-,2179739,2180140
561307.5.peg.2009,-,2180245,2180637
561307.5.peg.201,-,226986,230552
561307.5.peg.2010,-,2180655,2180918
561307.5.peg.2011,-,2180915,2182108
561307.5.peg.2012,-,2182108,2183634
561307.5.peg.2013,-,2183624,2187130
561307.5.peg.2014,-,2187130,2187702
561307.5.peg.2015,-,2188013,2188666
561307.5.peg.2016,-,2188816,2189781
561307.5.peg.2017,-,2189928,2191280
561307.5.peg.2018,-,2191303,2191434
561307.5.peg.2019,-,2191624,2191926
561307.5.peg.202,-,230699,231430
561307.5.peg.2020,-,2191998,2192378
561307.5.peg.2021,-,2192395,2193186
561307.5.peg.2022,-,2193233,2194081
561307.5.peg.2023,-,2194391,2194654
561307.5.peg.2024,-,2194754,2195647
561307.5.peg.2025,-,2195658,2196194
561307.5.peg.2026,-,2196361,2197134
561307.5.peg.2027,-,2197165,2199138
561307.5.peg.2028,-,2199423,2200262
561307.5.peg.2029,-,2200264,2200512
561307.5.peg.203,-,231546,231779
561307.5.peg.2030,-,2200505,2201230
561307.5.peg.2031,-,2201504,2201851
561307.5.peg.2032,-,2201868,2202671
561307.5.peg.2033,-,2202672,2203598
561307.5.peg.2034,-,2203812,2204141
561307.5.peg.2035,-,2204169,2204786
561307.5.peg.2036,-,2204788,2206125
561307.5.peg.2037,-,2206982,2208184
561307.5.peg.2038,+,2208410,2209318
561307.5.peg.2039,+,2209507,2210316
561307.5.peg.204,-,232022,232756
561307.5.peg.2040,+,2210318,2211250
561307.5.peg.2041,+,2211277,2212632
561307.5.peg.2042,+,2212909,2220345
561307.5.peg.2043,-,2220664,2221770
561307.5.peg.2044,-,2221770,2222204
561307.5.peg.2045,-,2222216,2224348
561307.5.peg.2046,-,2224383,2225921
561307.5.peg.2047,+,2226602,2228407
561307.5.peg.2048,+,2228639,2229421
561307.5.peg.2049,+,2229489,2230346
561307.5.peg.205,-,232749,233675
561307.5.peg.2050,+,2231432,2232568
561307.5.peg.2051,+,2232627,2232830
561307.5.peg.2052,-,2233802,2234893
561307.5.peg.2053,-,2235159,2236139
561307.5.peg.2054,-,2236141,2236461
561307.5.peg.2055,+,2236613,2237278
561307.5.peg.2056,+,2237713,2237859
561307.5.peg.2057,+,2237822,2238652
561307.5.peg.2058,+,2238683,2238913
561307.5.peg.2059,+,2239585,2240958
561307.5.peg.206,-,233668,234654
561307.5.peg.2060,+,2241416,2241829
561307.5.peg.2061,+,2242029,2242472
561307.5.peg.2062,-,2242593,2243303
561307.5.peg.2063,+,2243618,2244280
561307.5.peg.2064,+,2244559,2245860
561307.5.peg.2065,+,2245874,2246224
561307.5.peg.2066,-,2246376,2246846
561307.5.peg.2067,+,2247157,2248341
561307.5.peg.2068,+,2248341,2249534
561307.5.peg.2069,+,2249933,2250604
561307.5.peg.207,-,234659,235216
561307.5.peg.2070,-,2250734,2251537
561307.5.peg.2071,+,2251961,2252821
561307.5.peg.2072,+,2252933,2253463
561307.5.peg.2073,+,2253799,2255409
561307.5.peg.2074,-,2255518,2256039
561307.5.peg.2075,+,2256257,2257117
561307.5.peg.2076,+,2257583,2258842
561307.5.peg.2077,+,2258931,2259266
561307.5.peg.2078,+,2259504,2260931
561307.5.peg.2079,+,2261178,2262494
561307.5.peg.208,-,235434,237494
561307.5.peg.2080,+,2262612,2262866
561307.5.peg.2081,+,2263213,2263812
561307.5.peg.2082,+,2263813,2264889
561307.5.peg.2083,+,2264876,2265712
561307.5.peg.2084,+,2265796,2266842
561307.5.peg.2085,+,2266839,2267258
561307.5.peg.2086,+,2267365,2267889
561307.5.peg.2087,+,2267916,2269154
561307.5.peg.2088,+,2269182,2269811
561307.5.peg.2089,+,2269835,2270962
561307.5.peg.209,-,237684,239330
561307.5.peg.2090,+,2271129,2271482
561307.5.peg.2091,+,2271503,2272231
561307.5.peg.2092,+,2272274,2272486
561307.5.peg.2093,+,2272684,2273205
561307.5.peg.2094,+,2273205,2273744
561307.5.peg.2095,+,2273766,2275274
561307.5.peg.2096,+,2275305,2276171
561307.5.peg.2097,+,2276193,2277605
561307.5.peg.2098,+,2277625,2278029
561307.5.peg.2099,+,2278591,2278824
561307.5.peg.21,-,21854,22369
561307.5.peg.210,-,239345,239719
561307.5.peg.2100,+,2278935,2280200
561307.5.peg.2101,+,2280234,2280674
561307.5.peg.2102,-,2280733,2281173
561307.5.peg.2103,+,2281367,2281762
561307.5.peg.2104,+,2282151,2282846
561307.5.peg.2105,+,2283007,2283132
561307.5.peg.2106,+,2283232,2283921
561307.5.peg.2107,+,2283914,2284744
561307.5.peg.2108,+,2284728,2285519
561307.5.peg.2109,+,2285521,2286162
561307.5.peg.211,+,240162,240350
561307.5.peg.2110,+,2286248,2287120
561307.5.peg.2111,-,2287933,2288580
561307.5.peg.2112,-,2288608,2290092
561307.5.peg.2113,+,2290258,2290551
561307.5.peg.2114,+,2290563,2290772
561307.5.peg.2115,+,2290900,2291037
561307.5.peg.2116,-,2291301,2292503
561307.5.peg.2117,+,2292821,2293891
561307.5.peg.2118,+,2293906,2295264
561307.5.peg.2119,+,2295781,2297301
561307.5.peg.212,-,240731,241372
561307.5.peg.2120,-,2297670,2298365
561307.5.peg.2121,-,2298365,2301022
561307.5.peg.2122,+,2301294,2302970
561307.5.peg.2123,+,2302989,2305016
561307.5.peg.2124,+,2305036,2305596
561307.5.peg.2125,+,2305805,2306284
561307.5.peg.2126,+,2306277,2307860
561307.5.peg.2127,+,2307865,2308338
561307.5.peg.2128,+,2308342,2308701
561307.5.peg.2129,+,2308767,2309915
561307.5.peg.213,-,241379,242023
561307.5.peg.2130,+,2310000,2310170
561307.5.peg.2131,+,2310167,2310529
561307.5.peg.2132,+,2310878,2311105
561307.5.peg.2133,+,2311080,2311868
561307.5.peg.2134,+,2311987,2312313
561307.5.peg.2135,+,2312315,2312794
561307.5.peg.2136,+,2312769,2313539
561307.5.peg.2137,+,2313973,2316123
561307.5.peg.2138,+,2316116,2316571
561307.5.peg.2139,-,2318311,2319693
561307.5.peg.214,-,242024,242899
561307.5.peg.2140,+,2319797,2320684
561307.5.peg.2141,+,2320688,2321248
561307.5.peg.2142,-,2321456,2322670
561307.5.peg.2143,+,2322828,2323289
561307.5.peg.2144,+,2323308,2323874
561307.5.peg.2145,+,2323864,2324871
561307.5.peg.2146,+,2324885,2327341
561307.5.peg.2147,+,2327826,2329190
561307.5.peg.2148,+,2329215,2330288
561307.5.peg.2149,+,2330845,2332299
561307.5.peg.215,-,243127,245121
561307.5.peg.2150,+,2332728,2333369
561307.5.peg.2151,+,2333353,2334753
561307.5.peg.2152,+,2334746,2335150
561307.5.peg.2153,+,2335158,2335904
561307.5.peg.2154,+,2335904,2336428
561307.5.peg.2155,+,2336509,2337078
561307.5.peg.2156,+,2337193,2337336
561307.5.peg.2157,+,2337392,2337574
561307.5.peg.2158,+,2337587,2338135
561307.5.peg.2159,+,2338316,2338738
561307.5.peg.216,-,245118,245861
561307.5.peg.2160,+,2338946,2339638
561307.5.peg.2161,+,2339910,2340410
561307.5.peg.2162,+,2340453,2340821
561307.5.peg.2163,+,2340996,2341604
561307.5.peg.2164,+,2341819,2345370
561307.5.peg.2165,+,2345507,2349130
561307.5.peg.2166,+,2349267,2349521
561307.5.peg.2167,+,2349619,2350032
561307.5.peg.2168,+,2350098,2350568
561307.5.peg.2169,+,2350691,2352772
561307.5.peg.217,-,245868,246962
561307.5.peg.2170,+,2352989,2354173
561307.5.peg.2171,-,2354455,2355630
561307.5.peg.2172,+,2355801,2356988
561307.5.peg.2173,+,2357254,2358132
561307.5.peg.2174,+,2358288,2359928
561307.5.peg.2175,+,2360142,2361107
561307.5.peg.2176,+,2361442,2362518
561307.5.peg.2177,+,2362548,2362664
561307.5.peg.2178,+,2362768,2363451
561307.5.peg.2179,-,2363567,2364229
561307.5.peg.218,-,246965,248272
561307.5.peg.2180,-,2364222,2364839
561307.5.peg.2181,+,2364906,2365376
561307.5.peg.2182,+,2365523,2366392
561307.5.peg.2183,+,2366413,2366979
561307.5.peg.2184,-,2370218,2370970
561307.5.peg.2185,+,2371138,2372124
561307.5.peg.2186,+,2372127,2372963
561307.5.peg.2187,+,2373550,2374470
561307.5.peg.2188,+,2374475,2375458
561307.5.peg.2189,+,2375471,2376547
561307.5.peg.219,-,248269,249204
561307.5.peg.2190,+,2376724,2377065
561307.5.peg.2191,-,2377117,2378439
561307.5.peg.2192,-,2378426,2378866
561307.5.peg.2193,+,2379491,2380900
561307.5.peg.2194,+,2380904,2381530
561307.5.peg.2195,+,2381656,2382297
561307.5.peg.2196,+,2382385,2383002
561307.5.peg.2197,+,2383077,2383706
561307.5.peg.2198,+,2383763,2383879
561307.5.peg.2199,+,2383902,2384522
561307.5.peg.22,-,22353,23471
561307.5.peg.220,-,249197,249685
561307.5.peg.2200,+,2384662,2385294
561307.5.peg.2201,+,2385341,2385808
561307.5.peg.2202,+,2385841,2385969
561307.5.peg.2203,+,2386422,2387051
561307.5.peg.2204,+,2387175,2387816
561307.5.peg.2205,+,2387925,2388488
561307.5.peg.2206,+,2388454,2388699
561307.5.peg.2207,+,2388723,2389349
561307.5.peg.2208,+,2389619,2390557
561307.5.peg.2209,+,2390768,2391304
561307.5.peg.221,+,249984,250187
561307.5.peg.2210,+,2391473,2391949
561307.5.peg.2211,+,2391989,2393284
561307.5.peg.2212,+,2393327,2393833
561307.5.peg.2213,+,2394332,2395342
561307.5.peg.2214,+,2395617,2396033
561307.5.peg.2215,+,2396030,2397691
561307.5.peg.2216,+,2398080,2398715
561307.5.peg.2217,+,2399094,2399981
561307.5.peg.2218,+,2400129,2401079
561307.5.peg.2219,+,2401134,2401853
561307.5.peg.222,-,250350,251303
561307.5.peg.2220,+,2401837,2402637
561307.5.peg.2221,+,2402773,2403279
561307.5.peg.2222,+,2403441,2404157
561307.5.peg.2223,+,2404326,2405114
561307.5.peg.2224,-,2405365,2405739
561307.5.peg.2225,-,2406687,2407580
561307.5.peg.2226,-,2407811,2408035
561307.5.peg.2227,-,2408052,2408255
561307.5.peg.2228,+,2408414,2408974
561307.5.peg.2229,+,2408993,2411395
561307.5.peg.223,-,251809,254217
561307.5.peg.2230,+,2411382,2411807
561307.5.peg.2231,+,2411804,2412148
561307.5.peg.2232,+,2412138,2413634
561307.5.peg.2233,+,2413635,2414117
561307.5.peg.2234,+,2414114,2414416
561307.5.peg.2235,+,2414391,2414828
561307.5.peg.2236,+,2415168,2417210
561307.5.peg.2237,-,2418091,2418753
561307.5.peg.2238,-,2418886,2419905
561307.5.peg.2239,-,2419902,2421263
561307.5.peg.224,-,254217,255416
561307.5.peg.2240,+,2421461,2421694
561307.5.peg.2241,-,2421931,2423649
561307.5.peg.2242,-,2423652,2423918
561307.5.peg.2243,-,2424072,2424614
561307.5.peg.2244,-,2424668,2425840
561307.5.peg.2245,-,2426265,2427560
561307.5.peg.2246,+,2427712,2427846
561307.5.peg.2247,+,2428430,2429005
561307.5.peg.2248,+,2429020,2430420
561307.5.peg.2249,+,2430413,2431219
561307.5.peg.225,-,255632,255850
561307.5.peg.2250,-,2431484,2432731
561307.5.peg.2251,-,2432753,2434231
561307.5.peg.2252,-,2434246,2434812
561307.5.peg.2253,-,2434815,2435843
561307.5.peg.2254,-,2435836,2437320
561307.5.peg.2255,-,2437299,2439488
561307.5.peg.2256,-,2439481,2440152
561307.5.peg.2257,-,2440154,2440417
561307.5.peg.2258,-,2440417,2441121
561307.5.peg.2259,-,2441125,2442249
561307.5.peg.226,-,255850,256473
561307.5.peg.2260,-,2442236,2442718
561307.5.peg.2261,+,2442919,2443779
561307.5.peg.2262,+,2444585,2444902
561307.5.peg.2263,+,2445474,2446574
561307.5.peg.2264,+,2446574,2448562
561307.5.peg.2265,+,2448552,2449157
561307.5.peg.2266,+,2449166,2449444
561307.5.peg.2267,-,2449981,2451174
561307.5.peg.2268,+,2451625,2452842
561307.5.peg.2269,+,2452890,2453360
561307.5.peg.227,+,256748,258445
561307.5.peg.2270,+,2453515,2453949
561307.5.peg.2271,+,2454177,2457947
561307.5.peg.2272,-,2458960,2459409
561307.5.peg.2273,-,2459411,2460421
561307.5.peg.2274,-,2460411,2461145
561307.5.peg.2275,-,2461471,2461947
561307.5.peg.2276,-,2461975,2462598
561307.5.peg.2277,-,2462598,2463866
561307.5.peg.2278,-,2463878,2464801
561307.5.peg.2279,-,2464804,2465442
561307.5.peg.228,+,258521,258634
561307.5.peg.2280,-,2465727,2466035
561307.5.peg.2281,-,2466050,2466478
561307.5.peg.2282,-,2466482,2466742
561307.5.peg.2283,-,2466805,2469438
561307.5.peg.2284,-,2469778,2472255
561307.5.peg.2285,-,2472257,2472925
561307.5.peg.2286,-,2473387,2474505
561307.5.peg.2287,-,2474506,2475648
561307.5.peg.2288,+,2475960,2476973
561307.5.peg.2289,-,2477210,2477356
561307.5.peg.229,-,258708,259109
561307.5.peg.2290,-,2477396,2477578
561307.5.peg.2291,-,2477678,2478100
561307.5.peg.2292,+,2478185,2479459
561307.5.peg.2293,-,2479620,2480393
561307.5.peg.2294,-,2480854,2482620
561307.5.peg.2295,-,2482636,2483898
561307.5.peg.2296,-,2484359,2485234
561307.5.peg.2297,-,2485231,2485683
561307.5.peg.2298,-,2485695,2487884
561307.5.peg.2299,-,2488312,2488830
561307.5.peg.23,-,23464,24105
561307.5.peg.230,-,259546,259758
561307.5.peg.2300,-,2488852,2491125
561307.5.peg.2301,-,2491328,2493607
561307.5.peg.2302,-,2493882,2494142
561307.5.peg.2303,-,2494161,2495300
561307.5.peg.2304,-,2495323,2496348
561307.5.peg.2305,-,2496350,2497354
561307.5.peg.2306,-,2497386,2497988
561307.5.peg.2307,-,2498002,2498457
561307.5.peg.2308,-,2498470,2499762
561307.5.peg.2309,-,2500117,2500401
561307.5.peg.231,-,259788,260399
561307.5.peg.2310,-,2500413,2500733
561307.5.peg.2311,-,2500739,2501047
561307.5.peg.2312,-,2501214,2501744
561307.5.peg.2313,-,2501744,2502586
561307.5.peg.2314,-,2502786,2502905
561307.5.peg.2315,-,2502979,2503452
561307.5.peg.2316,-,2503926,2504210
561307.5.peg.2317,-,2504278,2504964
561307.5.peg.2318,-,2504961,2505668
561307.5.peg.2319,-,2505938,2507209
561307.5.peg.232,-,260399,261094
561307.5.peg.2320,-,2507222,2509852
561307.5.peg.2321,+,2510255,2510815
561307.5.peg.2322,-,2511038,2512018
561307.5.peg.2323,+,2511990,2512139
561307.5.peg.2324,-,2513106,2514392
561307.5.peg.2325,-,2514440,2515414
561307.5.peg.2326,-,2515417,2516085
561307.5.peg.2327,-,2516107,2517033
561307.5.peg.2328,-,2517075,2517890
561307.5.peg.2329,-,2517912,2519258
561307.5.peg.233,-,261201,264374
561307.5.peg.2330,-,2519475,2520065
561307.5.peg.2331,-,2520219,2521481
561307.5.peg.2332,-,2521632,2522933
561307.5.peg.2333,-,2523096,2524025
561307.5.peg.2334,-,2524044,2524652
561307.5.peg.2335,-,2524794,2525150
561307.5.peg.2336,-,2525197,2525397
561307.5.peg.2337,-,2525426,2525953
561307.5.peg.2338,-,2526182,2527675
561307.5.peg.2339,-,2528101,2530038
561307.5.peg.234,-,264367,265467
561307.5.peg.2340,-,2530451,2531371
561307.5.peg.2341,-,2531371,2532771
561307.5.peg.2342,-,2532772,2533242
561307.5.peg.2343,-,2533452,2534477
561307.5.peg.2344,-,2534647,2535270
561307.5.peg.2345,-,2535286,2536158
561307.5.peg.2346,-,2536174,2538804
561307.5.peg.2347,-,2539098,2540585
561307.5.peg.2348,-,2541084,2542724
561307.5.peg.2349,-,2542745,2543449
561307.5.peg.235,-,265469,266746
561307.5.peg.2350,-,2543839,2545107
561307.5.peg.2351,-,2545156,2546202
561307.5.peg.2352,+,2546625,2547986
561307.5.peg.2353,-,2548019,2548186
561307.5.peg.2354,+,2548404,2548556
561307.5.peg.2355,+,2548658,2548831
561307.5.peg.2356,-,2549640,2550200
561307.5.peg.2357,+,2550490,2551602
561307.5.peg.2358,+,2551566,2551871
561307.5.peg.2359,+,2551868,2552740
561307.5.peg.236,-,266761,267642
561307.5.peg.2360,+,2552727,2553779
561307.5.peg.2361,-,2554226,2556271
561307.5.peg.2362,-,2556989,2557108
561307.5.peg.2363,-,2557361,2557993
561307.5.peg.2364,-,2557990,2558748
561307.5.peg.2365,-,2558745,2559449
561307.5.peg.2366,-,2559442,2560020
561307.5.peg.2367,-,2560017,2560595
561307.5.peg.2368,-,2560564,2561577
561307.5.peg.2369,-,2561593,2562843
561307.5.peg.237,-,267670,268977
561307.5.peg.2370,-,2562836,2563450
561307.5.peg.2371,-,2563468,2564286
561307.5.peg.2372,-,2564591,2565715
561307.5.peg.2373,-,2565833,2566330
561307.5.peg.2374,-,2566377,2567210
561307.5.peg.2375,-,2567207,2568919
561307.5.peg.2376,-,2568972,2569526
561307.5.peg.2377,-,2569555,2570403
561307.5.peg.2378,+,2570783,2571298
561307.5.peg.2379,-,2571447,2572421
561307.5.peg.238,-,269195,269722
561307.5.peg.2380,+,2572662,2573618
561307.5.peg.2381,+,2573770,2574408
561307.5.peg.2382,-,2574527,2575294
561307.5.peg.2383,-,2575284,2575622
561307.5.peg.2384,+,2575789,2576253
561307.5.peg.2385,+,2576491,2577909
561307.5.peg.2386,-,2578322,2579230
561307.5.peg.2387,+,2579455,2580030
561307.5.peg.2388,+,2580159,2581211
561307.5.peg.2389,+,2581454,2582248
561307.5.peg.239,-,270122,271039
561307.5.peg.2390,-,2582382,2582894
561307.5.peg.2391,+,2583177,2583935
561307.5.peg.2392,+,2583925,2585805
561307.5.peg.2393,+,2585898,2586089
561307.5.peg.2394,+,2586227,2586637
561307.5.peg.2395,-,2586697,2587194
561307.5.peg.2396,+,2587273,2587623
561307.5.peg.2397,+,2587652,2587843
561307.5.peg.2398,+,2588236,2588436
561307.5.peg.2399,-,2588563,2589132
561307.5.peg.24,-,24089,25234
561307.5.peg.240,-,271039,271530
561307.5.peg.2400,-,2589392,2589787
561307.5.peg.2401,-,2589855,2590208
561307.5.peg.2402,-,2590662,2591501
561307.5.peg.2403,-,2591544,2592263
561307.5.peg.2404,-,2592263,2594140
561307.5.peg.2405,-,2594207,2595586
561307.5.peg.2406,-,2595725,2596078
561307.5.peg.2407,-,2596199,2596336
561307.5.peg.2408,+,2597067,2598428
561307.5.peg.2409,+,2598706,2599839
561307.5.peg.241,-,272354,273151
561307.5.peg.2410,+,2600229,2600465
561307.5.peg.2411,+,2600462,2601574
561307.5.peg.2412,+,2601584,2603518
561307.5.peg.2413,+,2603555,2606218
561307.5.peg.2414,-,2606305,2607117
561307.5.peg.2415,+,2607443,2608957
561307.5.peg.2416,+,2609336,2610622
561307.5.peg.2417,+,2611272,2611967
561307.5.peg.2418,+,2611964,2612293
561307.5.peg.2419,+,2612656,2613624
561307.5.peg.242,-,273441,276194
561307.5.peg.2420,+,2613930,2614853
561307.5.peg.2421,+,2614868,2616835
561307.5.peg.2422,+,2616832,2617284
561307.5.peg.2423,+,2617316,2618716
561307.5.peg.2424,+,2618994,2620277
561307.5.peg.2425,+,2621475,2622182
561307.5.peg.2426,+,2622270,2624021
561307.5.peg.2427,+,2624014,2625348
561307.5.peg.2428,+,2625349,2626137
561307.5.peg.2429,+,2626545,2627327
561307.5.peg.243,-,276415,277032
561307.5.peg.2430,+,2627555,2629873
561307.5.peg.2431,-,2630105,2630242
561307.5.peg.2432,+,2630241,2630720
561307.5.peg.2433,+,2631262,2633007
561307.5.peg.2434,-,2633101,2633553
561307.5.peg.2435,-,2633768,2634523
561307.5.peg.2436,-,2634523,2634783
561307.5.peg.2437,+,2634920,2635987
561307.5.peg.2438,+,2636018,2637352
561307.5.peg.2439,+,2637371,2638564
561307.5.peg.244,-,277056,277862
561307.5.peg.2440,-,2639231,2640217
561307.5.peg.2441,+,2640778,2641074
561307.5.peg.2442,-,2641146,2642366
561307.5.peg.2443,-,2642359,2642910
561307.5.peg.2444,+,2643023,2643883
561307.5.peg.2445,-,2644238,2644771
561307.5.peg.2446,+,2644871,2645605
561307.5.peg.2447,+,2646039,2646641
561307.5.peg.2448,+,2646908,2650060
561307.5.peg.2449,+,2650117,2650599
561307.5.peg.245,-,277945,278235
561307.5.peg.2450,+,2650804,2651790
561307.5.peg.2451,+,2652011,2652781
561307.5.peg.2452,+,2652800,2653603
561307.5.peg.2453,+,2653667,2654437
561307.5.peg.2454,+,2654504,2655271
561307.5.peg.2455,+,2655365,2657602
561307.5.peg.2456,+,2657753,2658931
561307.5.peg.2457,+,2658933,2660321
561307.5.peg.2458,-,2660814,2662481
561307.5.peg.2459,-,2662801,2664576
561307.5.peg.246,-,278247,278801
561307.5.peg.2460,-,2664750,2665622
561307.5.peg.2461,+,2665735,2667132
561307.5.peg.2462,+,2667322,2667795
561307.5.peg.2463,+,2668057,2669649
561307.5.peg.2464,-,2669978,2670163
561307.5.peg.247,-,278807,279481
561307.5.peg.248,-,279499,280290
561307.5.peg.249,-,280550,281722
561307.5.peg.25,+,25344,26213
561307.5.peg.250,-,281755,283167
561307.5.peg.251,-,283273,284592
561307.5.peg.252,-,284608,285957
561307.5.peg.253,-,285959,286924
561307.5.peg.254,-,287216,289450
561307.5.peg.255,-,289431,289832
561307.5.peg.256,-,289846,290781
561307.5.peg.257,-,290797,291228
561307.5.peg.258,-,291460,291909
561307.5.peg.259,+,292263,292985
561307.5.peg.26,-,26272,28881
561307.5.peg.260,-,293171,293446
561307.5.peg.261,-,293601,294665
561307.5.peg.262,+,294883,295749
561307.5.peg.263,+,296094,296369
561307.5.peg.264,+,296384,296752
561307.5.peg.265,+,296740,297036
561307.5.peg.266,+,297370,298476
561307.5.peg.267,+,298470,299294
561307.5.peg.268,+,299348,299809
561307.5.peg.269,+,299907,300797
561307.5.peg.27,-,29084,30898
561307.5.peg.270,-,300944,301774
561307.5.peg.271,-,301794,302804
561307.5.peg.272,-,302902,303606
561307.5.peg.273,-,303599,304156
561307.5.peg.274,+,304287,304586
561307.5.peg.275,+,304606,305427
561307.5.peg.276,+,305444,305821
561307.5.peg.277,-,305971,306201
561307.5.peg.278,-,306421,306741
561307.5.peg.279,-,307119,307706
561307.5.peg.28,-,31445,31753
561307.5.peg.280,-,307749,307886
561307.5.peg.281,+,308098,309153
561307.5.peg.282,+,309761,310462
561307.5.peg.283,+,310738,311226
561307.5.peg.284,+,311738,313549
561307.5.peg.285,+,313910,314677
561307.5.peg.286,+,314843,315340
561307.5.peg.287,+,315333,316826
561307.5.peg.288,+,316832,317959
561307.5.peg.289,+,317996,318859
561307.5.peg.29,+,31867,32691
561307.5.peg.290,+,318871,320379
561307.5.peg.291,+,320806,321960
561307.5.peg.292,+,321983,322981
561307.5.peg.293,-,323071,323277
561307.5.peg.294,-,323557,325965
561307.5.peg.295,-,326205,326396
561307.5.peg.296,+,326635,327234
561307.5.peg.297,+,327424,328968
561307.5.peg.298,+,329104,329247
561307.5.peg.299,-,329324,329872
561307.5.peg.3,-,3200,3919
561307.5.peg.30,+,32743,34059
561307.5.peg.300,+,330017,332506
561307.5.peg.301,+,332722,332949
561307.5.peg.302,+,332961,334955
561307.5.peg.303,+,334968,335138
561307.5.peg.304,-,335207,337312
561307.5.peg.305,+,337721,338242
561307.5.peg.306,-,338412,339578
561307.5.peg.307,+,339832,341109
561307.5.peg.308,+,341688,341945
561307.5.peg.309,-,342705,343136
561307.5.peg.31,-,34230,34619
561307.5.peg.310,-,343526,343744
561307.5.peg.311,+,343911,344789
561307.5.peg.312,+,345056,345397
561307.5.peg.313,+,345390,346079
561307.5.peg.314,+,346126,347865
561307.5.peg.315,+,348166,350232
561307.5.peg.316,+,350612,351022
561307.5.peg.317,+,351064,351408
561307.5.peg.318,+,351541,352509
561307.5.peg.319,-,352591,353517
561307.5.peg.32,-,34948,35850
561307.5.peg.320,-,353709,353912
561307.5.peg.321,+,354463,355506
561307.5.peg.322,+,355509,356189
561307.5.peg.323,+,356203,357102
561307.5.peg.324,-,357889,358380
561307.5.peg.325,+,358574,359194
561307.5.peg.326,-,359354,360076
561307.5.peg.327,-,360091,360726
561307.5.peg.328,+,361047,361847
561307.5.peg.329,-,362096,363088
561307.5.peg.33,-,36016,39669
561307.5.peg.330,+,363358,364029
561307.5.peg.331,-,364149,364955
561307.5.peg.332,-,365126,365410
561307.5.peg.333,+,365637,366071
561307.5.peg.334,+,366149,367117
561307.5.peg.335,+,367139,367732
561307.5.peg.336,-,367837,368916
561307.5.peg.337,-,369260,371224
561307.5.peg.338,-,371597,372367
561307.5.peg.339,-,372369,373064
561307.5.peg.34,-,39670,43146
561307.5.peg.340,+,373492,373956
561307.5.peg.341,+,373949,375112
561307.5.peg.342,-,375209,375820
561307.5.peg.343,+,376367,377644
561307.5.peg.344,+,378278,379945
561307.5.peg.345,+,380084,380500
561307.5.peg.346,+,380731,381423
561307.5.peg.347,+,381588,382352
561307.5.peg.348,+,382506,383186
561307.5.peg.349,+,383210,384763
561307.5.peg.35,-,43306,43881
561307.5.peg.350,+,384880,386238
561307.5.peg.351,+,386423,386572
561307.5.peg.352,+,386775,389804
561307.5.peg.353,+,390756,391769
561307.5.peg.354,+,391822,392832
561307.5.peg.355,+,392971,394161
561307.5.peg.356,+,394283,395044
561307.5.peg.357,+,395047,396564
561307.5.peg.358,+,396694,397998
561307.5.peg.359,+,398338,398796
561307.5.peg.36,-,43897,44421
561307.5.peg.360,+,398863,399096
561307.5.peg.361,+,399212,399952
561307.5.peg.362,+,399986,402358
561307.5.peg.363,+,402380,402844
561307.5.peg.364,-,404166,404489
561307.5.peg.365,-,404505,404651
561307.5.peg.366,-,404843,405571
561307.5.peg.367,+,406170,406691
561307.5.peg.368,+,406830,407360
561307.5.peg.369,+,407623,410406
561307.5.peg.37,-,44426,45001
561307.5.peg.370,+,410627,410746
561307.5.peg.371,+,410800,412152
561307.5.peg.372,-,412430,412627
561307.5.peg.373,-,412611,412757
561307.5.peg.374,+,413430,414389
561307.5.peg.375,+,414866,415099
561307.5.peg.376,+,415721,415906
561307.5.peg.377,-,416728,417078
561307.5.peg.378,-,417232,417729
561307.5.peg.379,-,417988,418494
561307.5.peg.38,-,45326,46657
561307.5.peg.380,+,419166,419567
561307.5.peg.381,-,419658,419774
561307.5.peg.382,-,419936,420265
561307.5.peg.383,-,420459,420599
561307.5.peg.384,-,420754,421257
561307.5.peg.385,-,421250,421837
561307.5.peg.386,-,421849,422649
561307.5.peg.387,-,422885,423700
561307.5.peg.388,-,423700,425466
561307.5.peg.389,-,425518,426132
561307.5.peg.39,+,47008,48213
561307.5.peg.390,-,426456,428237
561307.5.peg.391,-,428561,428875
561307.5.peg.392,-,429048,431396
561307.5.peg.393,-,431406,433118
561307.5.peg.394,-,433191,433712
561307.5.peg.395,-,433720,433980
561307.5.peg.396,+,434350,435288
561307.5.peg.397,-,435459,437861
561307.5.peg.398,-,437861,438919
561307.5.peg.399,-,439300,440040
561307.5.peg.4,-,4290,4685
561307.5.peg.40,+,48203,49582
561307.5.peg.400,-,440424,440747
561307.5.peg.401,-,440766,441500
561307.5.peg.402,-,441562,441693
561307.5.peg.403,-,441750,442529
561307.5.peg.404,-,442539,443285
561307.5.peg.405,-,443414,444490
561307.5.peg.406,-,444490,445173
561307.5.peg.407,+,445382,446434
561307.5.peg.408,+,446638,448575
561307.5.peg.409,-,448729,448902
561307.5.peg.41,+,49824,50753
561307.5.peg.410,-,448982,449539
561307.5.peg.411,+,449666,450805
561307.5.peg.412,-,450867,451349
561307.5.peg.413,-,451351,451893
561307.5.peg.414,+,451963,452352
561307.5.peg.415,-,452355,452609
561307.5.peg.416,+,452848,453774
561307.5.peg.417,-,453837,454271
561307.5.peg.418,-,454287,455324
561307.5.peg.419,-,455651,456112
561307.5.peg.42,-,51156,52400
561307.5.peg.420,-,456137,457048
561307.5.peg.421,+,457488,458399
561307.5.peg.422,-,458539,461517
561307.5.peg.423,-,461645,461818
561307.5.peg.424,+,462269,463309
561307.5.peg.425,-,463366,464208
561307.5.peg.426,-,464205,464762
561307.5.peg.427,-,464822,465346
561307.5.peg.428,+,465467,466030
561307.5.peg.429,-,466096,466836
561307.5.peg.43,-,52509,53699
561307.5.peg.430,-,466836,467708
561307.5.peg.431,-,467705,468385
561307.5.peg.432,-,468386,469282
561307.5.peg.433,-,469279,469659
561307.5.peg.434,-,469918,470094
561307.5.peg.435,+,470635,471921
561307.5.peg.436,-,472245,472535
561307.5.peg.437,-,472546,474300
561307.5.peg.438,+,474686,475681
561307.5.peg.439,-,475919,476935
561307.5.peg.44,-,54007,55134
561307.5.peg.440,-,476957,478012
561307.5.peg.441,+,478447,479670
561307.5.peg.442,-,480042,480887
561307.5.peg.443,-,480949,481860
561307.5.peg.444,+,482021,483328
561307.5.peg.445,-,484181,484624
561307.5.peg.446,-,484730,485131
561307.5.peg.447,-,485485,486075
561307.5.peg.448,-,486986,488602
561307.5.peg.449,-,488678,488962
561307.5.peg.45,-,55496,55873
561307.5.peg.450,+,489137,489880
561307.5.peg.451,-,489905,491164
561307.5.peg.452,+,491361,491987
561307.5.peg.453,+,492348,493133
561307.5.peg.454,-,493730,493864
561307.5.peg.455,+,494100,494669
561307.5.peg.456,+,494666,494806
561307.5.peg.457,+,495452,496123
561307.5.peg.458,+,496142,496867
561307.5.peg.459,-,497226,498185
561307.5.peg.46,-,56289,56882
561307.5.peg.460,-,498182,499666
561307.5.peg.461,-,499815,500765
561307.5.peg.462,-,500948,502198
561307.5.peg.463,-,502406,502630
561307.5.peg.464,-,502690,503769
561307.5.peg.465,-,504073,504708
561307.5.peg.466,+,504961,506889
561307.5.peg.467,+,507251,508861
561307.5.peg.468,-,508963,509988
561307.5.peg.469,-,509981,510445
561307.5.peg.47,+,56946,57329
561307.5.peg.470,-,510418,511080
561307.5.peg.471,-,511061,511555
561307.5.peg.472,+,512033,513721
561307.5.peg.473,+,513749,515518
561307.5.peg.474,+,515518,515772
561307.5.peg.475,+,515909,516913
561307.5.peg.476,+,516943,518472
561307.5.peg.477,+,518475,519521
561307.5.peg.478,+,519535,520905
561307.5.peg.479,+,520906,521478
561307.5.peg.48,+,57460,59865
561307.5.peg.480,+,521493,522761
561307.5.peg.481,-,524957,525403
561307.5.peg.482,-,525500,526450
561307.5.peg.483,-,526456,526911
561307.5.peg.484,+,526992,528281
561307.5.peg.485,+,528523,529668
561307.5.peg.486,-,529859,531595
561307.5.peg.487,-,531886,532428
561307.5.peg.488,-,532730,533767
561307.5.peg.489,+,533919,534896
561307.5.peg.49,+,59858,60286
561307.5.peg.490,-,535157,535993
561307.5.peg.491,-,536002,537519
561307.5.peg.492,-,537534,537824
561307.5.peg.493,-,537826,538644
561307.5.peg.494,-,538905,539714
561307.5.peg.495,-,540055,540570
561307.5.peg.496,-,540701,540862
561307.5.peg.497,+,541086,542237
561307.5.peg.498,-,542497,543027
561307.5.peg.499,-,543117,544364
561307.5.peg.5,+,4980,5969
561307.5.peg.50,+,60286,60627
561307.5.peg.500,-,544376,544576
561307.5.peg.501,+,544723,545187
561307.5.peg.502,+,545194,545469
561307.5.peg.503,+,545747,546964
561307.5.peg.504,-,547080,547709
561307.5.peg.505,-,547699,548742
561307.5.peg.506,-,548739,549440
561307.5.peg.507,-,549455,549841
561307.5.peg.508,-,550058,550816
561307.5.peg.509,-,551342,553039
561307.5.peg.51,+,60620,62116
561307.5.peg.510,-,553039,553257
561307.5.peg.511,-,553738,554289
561307.5.peg.512,+,554654,555280
561307.5.peg.513,+,555451,556563
561307.5.peg.514,+,556567,557544
561307.5.peg.515,+,557635,558927
561307.5.peg.516,+,558931,560337
561307.5.peg.517,+,560505,560780
561307.5.peg.518,+,560924,561463
561307.5.peg.519,+,561476,562570
561307.5.peg.52,+,62118,62597
561307.5.peg.520,+,562563,563360
561307.5.peg.521,+,563366,564175
561307.5.peg.522,+,564175,565248
561307.5.peg.523,+,565322,566341
561307.5.peg.524,+,566624,567043
561307.5.peg.525,-,567125,567547
561307.5.peg.526,-,567620,568477
561307.5.peg.527,-,568661,569275
561307.5.peg.528,+,569432,570259
561307.5.peg.529,-,570413,570604
561307.5.peg.53,+,62597,62890
561307.5.peg.530,+,570706,572553
561307.5.peg.531,-,572693,572860
561307.5.peg.532,-,572862,573344
561307.5.peg.533,+,573485,573760
561307.5.peg.534,+,574074,575300
561307.5.peg.535,-,576540,577916
561307.5.peg.536,+,578150,579142
561307.5.peg.537,+,579468,580418
561307.5.peg.538,-,580470,581129
561307.5.peg.539,-,581143,582063
561307.5.peg.54,+,62868,63224
561307.5.peg.540,-,582060,583226
561307.5.peg.541,-,583294,584817
561307.5.peg.542,+,585088,585741
561307.5.peg.543,+,585775,586362
561307.5.peg.544,-,586505,587398
561307.5.peg.545,+,587646,587939
561307.5.peg.546,+,588023,591052
561307.5.peg.547,+,591052,591510
561307.5.peg.548,+,591482,591724
561307.5.peg.549,+,591737,593071
561307.5.peg.55,+,63473,64627
561307.5.peg.550,+,593093,593248
561307.5.peg.551,+,593276,597532
561307.5.peg.552,+,597562,597954
561307.5.peg.553,+,597970,598284
561307.5.peg.554,+,598281,598958
561307.5.peg.555,+,598964,599275
561307.5.peg.556,+,599285,601129
561307.5.peg.557,+,601957,604566
561307.5.peg.558,+,604911,605579
561307.5.peg.559,+,605595,606281
561307.5.peg.56,-,64683,65057
561307.5.peg.560,+,606284,607048
561307.5.peg.561,+,607068,608891
561307.5.peg.562,+,608881,609909
561307.5.peg.563,+,609922,611031
561307.5.peg.564,+,611035,612159
561307.5.peg.565,+,612162,612788
561307.5.peg.566,+,612793,613902
561307.5.peg.567,+,613916,615082
561307.5.peg.568,+,615075,616280
561307.5.peg.569,+,616677,617486
561307.5.peg.57,-,65076,66392
561307.5.peg.570,+,617497,618054
561307.5.peg.571,+,618054,618941
561307.5.peg.572,+,618995,620257
561307.5.peg.573,+,620334,621479
561307.5.peg.574,-,621544,621870
561307.5.peg.575,-,621877,622260
561307.5.peg.576,+,622687,624174
561307.5.peg.577,+,624820,625779
561307.5.peg.578,-,625841,626044
561307.5.peg.579,+,626223,626735
561307.5.peg.58,-,66803,68278
561307.5.peg.580,+,627077,627817
561307.5.peg.581,+,627831,628805
561307.5.peg.582,+,628802,629563
561307.5.peg.583,+,629573,630607
561307.5.peg.584,+,631052,631183
561307.5.peg.585,+,631356,632381
561307.5.peg.586,+,632767,634017
561307.5.peg.587,+,634446,641639
561307.5.peg.588,+,641652,642296
561307.5.peg.589,-,642624,643118
561307.5.peg.59,-,68409,69617
561307.5.peg.590,-,643373,644137
561307.5.peg.591,-,644153,645394
561307.5.peg.592,-,645406,646440
561307.5.peg.593,-,646476,647660
561307.5.peg.594,-,647913,649268
561307.5.peg.595,-,649544,650101
561307.5.peg.596,-,650168,651808
561307.5.peg.597,-,652082,654127
561307.5.peg.598,+,654713,655768
561307.5.peg.599,+,655768,656664
561307.5.peg.6,-,6011,6892
561307.5.peg.60,-,70071,70430
561307.5.peg.600,+,656676,658130
561307.5.peg.601,+,658133,659008
561307.5.peg.602,+,659696,660286
561307.5.peg.603,+,660380,662485
561307.5.peg.604,+,662690,663532
561307.5.peg.605,+,663534,664457
561307.5.peg.606,+,664444,665556
561307.5.peg.607,-,665821,667413
561307.5.peg.608,+,667586,668848
561307.5.peg.609,+,668854,670017
561307.5.peg.61,-,70443,70646
561307.5.peg.610,+,670034,671809
561307.5.peg.611,+,671847,673853
561307.5.peg.612,-,674151,674924
561307.5.peg.613,-,675114,675740
561307.5.peg.614,+,675949,676527
561307.5.peg.615,+,676910,678007
561307.5.peg.616,+,678020,679291
561307.5.peg.617,+,679294,680562
561307.5.peg.618,+,680564,681403
561307.5.peg.619,+,681474,682553
561307.5.peg.62,+,70996,72060
561307.5.peg.620,+,682578,683618
561307.5.peg.621,+,683673,684641
561307.5.peg.622,-,685002,685496
561307.5.peg.623,+,685729,687108
561307.5.peg.624,-,687467,688225
561307.5.peg.625,-,688218,689774
561307.5.peg.626,-,689771,690739
561307.5.peg.627,+,691327,693576
561307.5.peg.628,+,693599,694354
561307.5.peg.629,+,694690,696453
561307.5.peg.63,-,72119,72442
561307.5.peg.630,-,696617,696961
561307.5.peg.631,+,697151,699061
561307.5.peg.632,-,699665,700849
561307.5.peg.633,-,700879,703140
561307.5.peg.634,-,703326,704537
561307.5.peg.635,-,704649,706154
561307.5.peg.636,-,706180,707742
561307.5.peg.637,+,708111,709340
561307.5.peg.638,-,709654,711129
561307.5.peg.639,-,711327,711683
561307.5.peg.64,+,72543,72785
561307.5.peg.640,-,711840,712013
561307.5.peg.641,-,712039,713184
561307.5.peg.642,+,713757,714710
561307.5.peg.643,-,714878,715003
561307.5.peg.644,-,715030,716559
561307.5.peg.645,+,716921,717856
561307.5.peg.646,+,718195,720291
561307.5.peg.647,+,720276,720743
561307.5.peg.648,+,720766,721044
561307.5.peg.649,+,721271,722530
561307.5.peg.65,-,73048,74223
561307.5.peg.650,+,722548,723603
561307.5.peg.651,+,723605,723751
561307.5.peg.652,+,723775,724818
561307.5.peg.653,+,725346,726062
561307.5.peg.654,+,726055,727080
561307.5.peg.655,+,727102,728796
561307.5.peg.656,+,729224,730393
561307.5.peg.657,+,730669,731385
561307.5.peg.658,+,731378,732403
561307.5.peg.659,+,732425,734113
561307.5.peg.66,-,74220,74456
561307.5.peg.660,+,734146,735870
561307.5.peg.661,+,736010,736684
561307.5.peg.662,+,736931,738685
561307.5.peg.663,+,738688,739428
561307.5.peg.664,+,739547,739984
561307.5.peg.665,+,739977,740678
561307.5.peg.666,-,740786,741490
561307.5.peg.667,+,741639,742430
561307.5.peg.668,+,742446,743882
561307.5.peg.669,-,744315,745076
561307.5.peg.67,-,74474,75688
561307.5.peg.670,-,745327,746241
561307.5.peg.671,-,746269,746673
561307.5.peg.672,-,746688,747569
561307.5.peg.673,-,747801,748799
561307.5.peg.674,+,749016,749129
561307.5.peg.675,+,749179,749571
561307.5.peg.676,-,749980,750840
561307.5.peg.677,+,750851,751066
561307.5.peg.678,-,751148,752323
561307.5.peg.679,+,752756,754237
561307.5.peg.68,-,75685,77142
561307.5.peg.680,+,754230,754481
561307.5.peg.681,+,754481,756043
561307.5.peg.682,+,756345,757148
561307.5.peg.683,+,757382,759691
561307.5.peg.684,+,759708,761066
561307.5.peg.685,+,761205,762716
561307.5.peg.686,-,763203,763772
561307.5.peg.687,+,763982,764200
561307.5.peg.688,-,764281,765267
561307.5.peg.689,+,765466,765642
561307.5.peg.69,-,77158,77310
561307.5.peg.690,+,765657,766259
561307.5.peg.691,+,767603,769567
561307.5.peg.692,+,769570,769890
561307.5.peg.693,+,769887,770528
561307.5.peg.694,-,770616,770861
561307.5.peg.695,+,771185,771472
561307.5.peg.696,+,771478,772959
561307.5.peg.697,-,773048,773407
561307.5.peg.698,+,773892,774851
561307.5.peg.699,-,774897,775013
561307.5.peg.7,-,6904,7866
561307.5.peg.70,-,77722,78681
561307.5.peg.700,-,775092,775307
561307.5.peg.701,+,775472,776023
561307.5.peg.702,-,776074,777012
561307.5.peg.703,+,777344,778555
561307.5.peg.704,+,778542,780215
561307.5.peg.705,+,780202,781005
561307.5.peg.706,+,780998,781819
561307.5.peg.707,-,782058,782387
561307.5.peg.708,-,782425,783606
561307.5.peg.709,-,783688,784698
561307.5.peg.71,-,78714,79493
561307.5.peg.710,-,785226,786380
561307.5.peg.711,-,786576,787586
561307.5.peg.712,+,787739,788158
561307.5.peg.713,+,788317,788808
561307.5.peg.714,+,788805,788960
561307.5.peg.715,+,789079,790551
561307.5.peg.716,-,790675,792165
561307.5.peg.717,-,792447,793325
561307.5.peg.718,-,793338,794003
561307.5.peg.719,-,794017,794376
561307.5.peg.72,-,79493,79927
561307.5.peg.720,+,794655,795413
561307.5.peg.721,+,795490,796122
561307.5.peg.722,+,796124,796672
561307.5.peg.723,+,796785,797432
561307.5.peg.724,+,797934,799334
561307.5.peg.725,+,799878,801254
561307.5.peg.726,+,801256,802395
561307.5.peg.727,+,802370,802735
561307.5.peg.728,+,802738,803007
561307.5.peg.729,-,803208,803375
561307.5.peg.73,+,80025,80291
561307.5.peg.730,-,803882,804712
561307.5.peg.731,+,804896,805552
561307.5.peg.732,+,805553,805933
561307.5.peg.733,+,806066,806434
561307.5.peg.734,+,806555,808039
561307.5.peg.735,-,808181,808633
561307.5.peg.736,-,808646,809410
561307.5.peg.737,+,809863,810621
561307.5.peg.738,+,810614,811825
561307.5.peg.739,+,812208,812885
561307.5.peg.74,-,80370,80753
561307.5.peg.740,+,812907,814415
561307.5.peg.741,-,814519,814827
561307.5.peg.742,+,815165,815983
561307.5.peg.743,+,816002,816787
561307.5.peg.744,+,817045,817782
561307.5.peg.745,+,817775,819100
561307.5.peg.746,+,819097,819420
561307.5.peg.747,+,819439,819753
561307.5.peg.748,-,820043,820237
561307.5.peg.749,+,820422,821624
561307.5.peg.75,-,80883,81800
561307.5.peg.750,+,821893,822021
561307.5.peg.751,+,823213,824697
561307.5.peg.752,+,824710,827415
561307.5.peg.753,+,827577,827939
561307.5.peg.754,-,828168,828584
561307.5.peg.755,+,828622,829296
561307.5.peg.756,+,829333,830067
561307.5.peg.757,+,830245,830358
561307.5.peg.758,+,830520,831860
561307.5.peg.759,+,832077,832991
561307.5.peg.76,-,81884,83203
561307.5.peg.760,+,832975,834117
561307.5.peg.761,+,834408,835436
561307.5.peg.762,+,835440,836099
561307.5.peg.763,+,836136,836978
561307.5.peg.764,+,837310,838314
561307.5.peg.765,-,838499,838768
561307.5.peg.766,+,838917,839312
561307.5.peg.767,+,839302,839787
561307.5.peg.768,-,839956,840738
561307.5.peg.769,-,840735,841847
561307.5.peg.77,-,83230,84057
561307.5.peg.770,-,841968,842852
561307.5.peg.771,+,843033,847532
561307.5.peg.772,+,847550,849013
561307.5.peg.773,-,849777,850199
561307.5.peg.774,-,850216,850911
561307.5.peg.775,-,850908,852569
561307.5.peg.776,+,852976,854244
561307.5.peg.777,-,854361,860921
561307.5.peg.778,-,861264,861575
561307.5.peg.779,-,861597,864014
561307.5.peg.78,-,84070,84918
561307.5.peg.780,-,864302,865483
561307.5.peg.781,+,865593,866546
561307.5.peg.782,+,866543,867106
561307.5.peg.783,-,867226,867627
561307.5.peg.784,-,868147,868371
561307.5.peg.785,+,868991,869653
561307.5.peg.786,+,869766,870362
561307.5.peg.787,+,870359,871126
561307.5.peg.788,+,871361,871861
561307.5.peg.789,+,871864,872340
561307.5.peg.79,-,85131,86198
561307.5.peg.790,+,872419,873030
561307.5.peg.791,-,873115,873474
561307.5.peg.792,-,873628,873930
561307.5.peg.793,-,873917,874345
561307.5.peg.794,+,874611,875303
561307.5.peg.795,+,875848,882663
561307.5.peg.796,+,882793,884004
561307.5.peg.797,+,884015,885568
561307.5.peg.798,+,885558,887126
561307.5.peg.799,+,887104,888063
561307.5.peg.8,-,7859,8839
561307.5.peg.80,-,86212,87252
561307.5.peg.800,+,888053,890443
561307.5.peg.801,+,890461,891969
561307.5.peg.802,+,891962,893320
561307.5.peg.803,+,893562,895469
561307.5.peg.804,+,895637,896197
561307.5.peg.805,-,896464,898323
561307.5.peg.806,+,898534,901515
561307.5.peg.807,-,901627,902565
561307.5.peg.808,-,902579,904531
561307.5.peg.809,-,904608,906482
561307.5.peg.81,+,87617,87931
561307.5.peg.810,-,906722,907180
561307.5.peg.811,+,907438,907965
561307.5.peg.812,+,908389,909918
561307.5.peg.813,+,910285,910734
561307.5.peg.814,+,911081,912316
561307.5.peg.815,+,912349,913359
561307.5.peg.816,+,913450,914880
561307.5.peg.817,+,914897,915838
561307.5.peg.818,+,915937,916641
561307.5.peg.819,+,916991,919624
561307.5.peg.82,-,87937,88071
561307.5.peg.820,+,919740,920501
561307.5.peg.821,+,920746,921201
561307.5.peg.822,-,921484,922908
561307.5.peg.823,+,923106,923306
561307.5.peg.824,+,923332,923997
561307.5.peg.825,+,924008,924895
561307.5.peg.826,+,925003,925758
561307.5.peg.827,+,925755,927755
561307.5.peg.828,+,928371,928484
561307.5.peg.829,+,929179,929676
561307.5.peg.83,-,88261,89658
561307.5.peg.830,+,930071,931951
561307.5.peg.831,+,932014,932619
561307.5.peg.832,+,933112,934482
561307.5.peg.833,+,934729,936579
561307.5.peg.834,+,936576,937112
561307.5.peg.835,+,937631,939253
561307.5.peg.836,+,939517,940203
561307.5.peg.837,-,940391,940957
561307.5.peg.838,+,941207,942697
561307.5.peg.839,+,942958,944667
561307.5.peg.84,-,89809,90273
561307.5.peg.840,+,944945,945157
561307.5.peg.841,+,945402,945881
561307.5.peg.842,+,946075,947673
561307.5.peg.843,+,948358,949854
561307.5.peg.844,-,950047,950937
561307.5.peg.845,-,951060,951476
561307.5.peg.846,+,951734,953071
561307.5.peg.847,-,953152,954600
561307.5.peg.848,+,955287,956246
561307.5.peg.849,+,956524,957228
561307.5.peg.85,-,90263,91504
561307.5.peg.850,-,957314,958174
561307.5.peg.851,+,958247,959065
561307.5.peg.852,+,959058,959909
561307.5.peg.853,+,959923,960294
561307.5.peg.854,-,960423,962105
561307.5.peg.855,+,962238,962825
561307.5.peg.856,+,962945,964018
561307.5.peg.857,+,964276,968592
561307.5.peg.858,+,968882,969349
561307.5.peg.859,+,969370,970545
561307.5.peg.86,-,91619,92926
561307.5.peg.860,+,970566,970850
561307.5.peg.861,+,970847,971164
561307.5.peg.862,+,971169,973286
561307.5.peg.863,+,973672,974022
561307.5.peg.864,+,974191,975108
561307.5.peg.865,+,975123,976094
561307.5.peg.866,+,976209,976478
561307.5.peg.867,+,976848,978944
561307.5.peg.868,+,979180,980853
561307.5.peg.869,+,981109,983478
561307.5.peg.87,-,93024,93785
561307.5.peg.870,+,983483,984196
561307.5.peg.871,+,984227,985492
561307.5.peg.872,+,985492,986778
561307.5.peg.873,+,986778,987482
561307.5.peg.874,+,987587,988414
561307.5.peg.875,+,988433,988825
561307.5.peg.876,+,988859,989437
561307.5.peg.877,+,989664,990815
561307.5.peg.878,+,990980,992023
561307.5.peg.879,+,992377,993936
561307.5.peg.88,+,94113,94964
561307.5.peg.880,-,994233,994448
561307.5.peg.881,+,994622,995419
561307.5.peg.882,+,995559,997319
561307.5.peg.883,+,997320,998186
561307.5.peg.884,+,998280,998573
561307.5.peg.885,+,998707,1000251
561307.5.peg.886,+,1000252,1000617
561307.5.peg.887,+,1000644,1001135
561307.5.peg.888,+,1001438,1004056
561307.5.peg.889,+,1004069,1006078
561307.5.peg.89,-,95197,95391
561307.5.peg.890,+,1006210,1006626
561307.5.peg.891,+,1007091,1007909
561307.5.peg.892,+,1008038,1009534
561307.5.peg.893,+,1009692,1011365
561307.5.peg.894,+,1011515,1012429
561307.5.peg.895,+,1012447,1013382
561307.5.peg.896,+,1013397,1013630
561307.5.peg.897,-,1013852,1014328
561307.5.peg.898,+,1014440,1015678
561307.5.peg.899,+,1015697,1016935
561307.5.peg.9,-,8842,9828
561307.5.peg.90,-,95745,96566
561307.5.peg.900,+,1017178,1017546
561307.5.peg.901,+,1017565,1018905
561307.5.peg.902,+,1019398,1019595
561307.5.peg.903,+,1020296,1020508
561307.5.peg.904,+,1020802,1021008
561307.5.peg.905,+,1022247,1022432
561307.5.peg.906,+,1023177,1023428
561307.5.peg.907,+,1023474,1024058
561307.5.peg.908,+,1024179,1024427
561307.5.peg.909,+,1024704,1024970
561307.5.peg.91,-,96584,97279
561307.5.peg.910,+,1024979,1025104
561307.5.peg.911,+,1025307,1025441
561307.5.peg.912,+,1025532,1025822
561307.5.peg.913,+,1025833,1026027
561307.5.peg.914,+,1026068,1026418
561307.5.peg.915,+,1026425,1026616
561307.5.peg.916,-,1027165,1028190
561307.5.peg.917,+,1028460,1028657
561307.5.peg.918,+,1028715,1030196
561307.5.peg.919,+,1030380,1031279
561307.5.peg.92,-,97272,98297
561307.5.peg.920,+,1031248,1031979
561307.5.peg.921,+,1031983,1033074
561307.5.peg.922,+,1033071,1033673
561307.5.peg.923,-,1033786,1033974
561307.5.peg.924,+,1034113,1034646
561307.5.peg.925,-,1034789,1035643
561307.5.peg.926,+,1035959,1036549
561307.5.peg.927,-,1036603,1037985
561307.5.peg.928,+,1038176,1039456
561307.5.peg.929,+,1039462,1040523
561307.5.peg.93,-,98547,98843
561307.5.peg.930,+,1040525,1041439
561307.5.peg.931,+,1041497,1042300
561307.5.peg.932,-,1042593,1042907
561307.5.peg.933,-,1043125,1044579
561307.5.peg.934,+,1044783,1046300
561307.5.peg.935,+,1046391,1046540
561307.5.peg.936,+,1046994,1047263
561307.5.peg.937,+,1047549,1048397
561307.5.peg.938,+,1048572,1049435
561307.5.peg.939,-,1049815,1050438
561307.5.peg.94,-,98836,99222
561307.5.peg.940,+,1050578,1050814
561307.5.peg.941,+,1050950,1051189
561307.5.peg.942,+,1051310,1053298
561307.5.peg.943,+,1053576,1053818
561307.5.peg.944,+,1053997,1054464
561307.5.peg.945,+,1054588,1055709
561307.5.peg.946,+,1055713,1058742
561307.5.peg.947,-,1058813,1059175
561307.5.peg.948,+,1059379,1061025
561307.5.peg.949,-,1062240,1064216
561307.5.peg.95,+,99874,100623
561307.5.peg.950,+,1064474,1065511
561307.5.peg.951,+,1065498,1067255
561307.5.peg.952,+,1067262,1068332
561307.5.peg.953,+,1068724,1069707
561307.5.peg.954,+,1069833,1070750
561307.5.peg.955,+,1070747,1071715
561307.5.peg.956,+,1071951,1073321
561307.5.peg.957,-,1073453,1073713
561307.5.peg.958,+,1073890,1074405
561307.5.peg.959,+,1074449,1075636
561307.5.peg.96,+,101323,102414
561307.5.peg.960,+,1075652,1076338
561307.5.peg.961,+,1076515,1077858
561307.5.peg.962,+,1077957,1078430
561307.5.peg.963,-,1078884,1079042
561307.5.peg.964,-,1079008,1079607
561307.5.peg.965,-,1079975,1080574
561307.5.peg.966,-,1080842,1082272
561307.5.peg.967,-,1082262,1083500
561307.5.peg.968,-,1083481,1084647
561307.5.peg.969,-,1084857,1085441
561307.5.peg.97,+,102954,103943
561307.5.peg.970,-,1085512,1086483
561307.5.peg.971,-,1086562,1086684
561307.5.peg.972,-,1086828,1087604
561307.5.peg.973,-,1087816,1088442
561307.5.peg.974,-,1088492,1088605
561307.5.peg.975,-,1089095,1089859
561307.5.peg.976,-,1089863,1091065
561307.5.peg.977,-,1091065,1091841
561307.5.peg.978,-,1091816,1093513
561307.5.peg.979,-,1093575,1095311
561307.5.peg.98,-,104041,105210
561307.5.peg.980,-,1095301,1096557
561307.5.peg.981,-,1096550,1098304
561307.5.peg.982,-,1098325,1099335
561307.5.peg.983,-,1099332,1100312
561307.5.peg.984,+,1100543,1101535
561307.5.peg.985,+,1101551,1102546
561307.5.peg.986,+,1102543,1103541
561307.5.peg.987,+,1103910,1104662
561307.5.peg.988,-,1106462,1107805
561307.5.peg.989,-,1108030,1109916
561307.5.peg.99,-,105235,105867
561307.5.peg.990,-,1109930,1110721
561307.5.peg.991,-,1110902,1111105
561307.5.peg.992,-,1111134,1111943
561307.5.peg.993,-,1112523,1113791
561307.5.peg.994,-,1113805,1116603
561307.5.peg.995,-,1116887,1118242
561307.5.peg.996,-,1118239,1118898
561307.5.peg.997,-,1119685,1120299
561307.5.peg.998,-,1120316,1121386
561307.5.peg.999,-,1121398,1121907